Date,Name,Year,Letterboxd URI,Rating
2019-06-01,Get Out,2017,https://boxd.it/eOCm,5
2019-06-01,La La Land,2016,https://boxd.it/a5fa,5
2019-06-01,Baby Driver,2017,https://boxd.it/bhF2,5
2019-06-01,Spider-Man: Into the Spider-Verse,2018,https://boxd.it/azpY,5
2019-06-02,Us,2019,https://boxd.it/gnV6,4
2019-06-02,Avengers: Endgame,2019,https://boxd.it/9vE4,5
2019-06-02,Guardians of the Galaxy Vol. 2,2017,https://boxd.it/8MxC,4
2019-06-02,Captain America: Civil War,2016,https://boxd.it/89Ja,5
2019-06-13,Annihilation,2018,https://boxd.it/9yzm,4
2019-06-13,Captain America: The Winter Soldier,2014,https://boxd.it/3r58,5
2019-06-13,Coco,2017,https://boxd.it/bYJQ,4.5
2019-06-13,The Empire Strikes Back,1980,https://boxd.it/27Vw,5
2019-06-13,The Incredibles,2004,https://boxd.it/1XLm,5
2019-06-13,WALL·E,2008,https://boxd.it/1VEo,5
2019-06-13,Psycho,1960,https://boxd.it/2ab2,4
2019-06-13,Toy Story,1995,https://boxd.it/29qA,4
2019-06-13,Moana,2016,https://boxd.it/8tfY,4
2019-06-13,The Prestige,2006,https://boxd.it/293w,5
2019-06-13,Ratatouille,2007,https://boxd.it/27ww,4
2019-06-13,The Lego Movie,2014,https://boxd.it/4pDO,5
2019-06-13,Ferris Bueller's Day Off,1986,https://boxd.it/1YPY,5
2019-06-13,Star Wars: Episode II – Attack of the Clones,2002,https://boxd.it/27V2,1
2019-06-13,Return of the Jedi,1983,https://boxd.it/27Vm,4.5
2019-06-13,The Lord of the Rings: The Two Towers,2002,https://boxd.it/2b5E,3.5
2019-06-27,Arrival,2016,https://boxd.it/aNGk,4.5
2019-06-27,The Avengers,2012,https://boxd.it/1xFW,4.5
2019-06-27,A Star Is Born,2018,https://boxd.it/aXgc,4
2019-06-27,Zootopia,2016,https://boxd.it/84xS,4.5
2019-06-27,Mission: Impossible – Fallout,2018,https://boxd.it/bSVc,4.5
2019-06-27,Big Hero 6,2014,https://boxd.it/5rje,4.5
2019-06-27,Toy Story 3,2010,https://boxd.it/1WRe,4.5
2019-06-27,X2,2003,https://boxd.it/1a7i,3
2019-06-28,Aladdin,1992,https://boxd.it/29yE,4
2019-06-28,Tangled,2010,https://boxd.it/15gO,4
2019-06-28,Hacksaw Ridge,2016,https://boxd.it/azew,5
2019-06-28,Jurassic World: Fallen Kingdom,2018,https://boxd.it/bOnU,2
2019-06-28,The Nightmare Before Christmas,1993,https://boxd.it/1YzQ,4.5
2019-06-28,The Amazing Spider-Man,2012,https://boxd.it/27PI,2.5
2019-06-28,Charlie and the Chocolate Factory,2005,https://boxd.it/2b68,3
2019-06-28,Back to the Future Part III,1990,https://boxd.it/2aTS,3
2019-06-28,The Secret Life of Walter Mitty,2013,https://boxd.it/3SWy,4.5
2019-06-28,The Emperor's New Groove,2000,https://boxd.it/1Tey,3
2019-06-28,The Goonies,1985,https://boxd.it/1YVC,4
2019-06-28,The Maze Runner,2014,https://boxd.it/5YPM,3
2019-06-28,The Simpsons Movie,2007,https://boxd.it/6YU,3.5
2019-06-28,Popstar: Never Stop Never Stopping,2016,https://boxd.it/blDa,4
2019-06-28,Spy,2015,https://boxd.it/71Ks,2
2019-06-28,Zoolander,2001,https://boxd.it/1YMA,3.5
2019-06-28,Chef,2014,https://boxd.it/6lCG,5
2019-06-28,Rango,2011,https://boxd.it/QPk,3
2019-06-28,Blockers,2018,https://boxd.it/fxEW,3
2019-08-17,Reservoir Dogs,1992,https://boxd.it/2agc,4.5
2019-08-20,The Dark Tower,2017,https://boxd.it/bU66,1
2019-08-25,Pulp Fiction,1994,https://boxd.it/29Pq,5
2019-08-29,The Darkest Minds,2018,https://boxd.it/fRBo,0.5
2019-09-11,Mulan,1998,https://boxd.it/1VFw,4
2019-09-11,Mary Poppins,1964,https://boxd.it/2aoA,4
2019-09-11,Heavyweights,1995,https://boxd.it/1NjW,3
2019-09-11,Sky High,2005,https://boxd.it/1TNI,3
2019-09-11,"The Chronicles of Narnia: The Lion, the Witch and the Wardrobe",2005,https://boxd.it/2ark,3
2019-09-25,Independence Day: Resurgence,2016,https://boxd.it/JwK,0.5
2019-10-13,The Hangover,2009,https://boxd.it/1GjK,3.5
2019-10-18,Easy A,2010,https://boxd.it/17DK,4
2019-10-19,Hugo,2011,https://boxd.it/R08,3.5
2019-10-27,Big,1988,https://boxd.it/271S,4
2019-11-01,The Shining,1980,https://boxd.it/29Nu,4.5
2019-11-07,Doctor Sleep,2019,https://boxd.it/i5vI,3.5
2019-12-09,Pirates of the Caribbean: Dead Men Tell No Tales,2017,https://boxd.it/5a9m,2
2019-12-09,Battle of the Sexes,2017,https://boxd.it/cNxw,2.5
2019-12-09,Muppets Most Wanted,2014,https://boxd.it/4Cti,2.5
2019-12-09,Pitch Perfect 2,2015,https://boxd.it/7tNa,2.5
2019-12-09,Star Wars: Episode III – Revenge of the Sith,2005,https://boxd.it/27US,2.5
2019-12-21,Knives Out,2019,https://boxd.it/jWEA,4.5
2019-12-31,Watchmen,2009,https://boxd.it/1QE4,3.5
2020-01-03,Cats,2019,https://boxd.it/jydK,0.5
2020-01-14,Jack and Jill,2011,https://boxd.it/2pQu,0.5
2020-01-14,Just Go with It,2011,https://boxd.it/Doq,2
2020-01-14,Grown Ups 2,2013,https://boxd.it/3GAq,1
2020-01-20,Anchorman 2: The Legend Continues,2013,https://boxd.it/3GNk,2
2020-01-21,What We Do in the Shadows,2014,https://boxd.it/7eQy,3.5
2020-01-21,Guava Island,2019,https://boxd.it/jOF6,4
2020-01-21,Cars 3,2017,https://boxd.it/7IPq,2.5
2020-02-06,Herbie Fully Loaded,2005,https://boxd.it/1TP0,2
2020-02-08,1917,2019,https://boxd.it/jj4y,4.5
2020-02-10,Superbad,2007,https://boxd.it/20hO,4
2020-02-10,Doctor Strange,2016,https://boxd.it/8MH8,3.5
2020-02-10,"Monsters, Inc.",2001,https://boxd.it/2a46,4
2020-02-10,Harry Potter and the Goblet of Fire,2005,https://boxd.it/29Qo,4
2020-02-10,The Lego Batman Movie,2017,https://boxd.it/azp0,4
2020-02-10,Iron Man 2,2010,https://boxd.it/1WZM,3
2020-02-11,Parasite,2019,https://boxd.it/hTha,5
2020-02-15,Sonic the Hedgehog,2020,https://boxd.it/gdK8,2.5
2020-02-16,The Farewell,2019,https://boxd.it/kIky,4.5
2020-02-19,Little Women,2019,https://boxd.it/aSVk,5
2020-02-27,Proxima,2019,https://boxd.it/hcCY,3.5
2020-02-28,Marriage Story,2019,https://boxd.it/hJAw,4.5
2020-03-01,Forrest Gump,1994,https://boxd.it/728,4.5
2020-03-01,Avengers: Infinity War,2018,https://boxd.it/9vEe,4.5
2020-03-01,Logan,2017,https://boxd.it/7Piy,4.5
2020-03-01,The Lion King,1994,https://boxd.it/201Q,4.5
2020-03-01,Finding Nemo,2003,https://boxd.it/72i,4.5
2020-03-01,Stand by Me,1986,https://boxd.it/2aOe,4.5
2020-03-05,Les Misérables,2019,https://boxd.it/lAPA,3.5
2020-03-08,Onward,2020,https://boxd.it/io92,4.5
2020-03-08,Cars 2,2011,https://boxd.it/H4Y,3
2020-03-08,The Good Dinosaur,2015,https://boxd.it/3AD4,2.5
2020-03-09,Inside Out,2015,https://boxd.it/4KHC,5
2020-03-11,Journey 2: The Mysterious Island,2012,https://boxd.it/2o8m,1.5
2020-03-11,Bridge to Terabithia,2007,https://boxd.it/28YG,3.5
2020-03-11,The Polar Express,2004,https://boxd.it/23am,3
2020-03-14,Professor Layton and the Eternal Diva,2009,https://boxd.it/10gu,3
2020-03-16,Star Wars: Episode I – The Phantom Menace,1999,https://boxd.it/27Vc,1
2020-03-26,Interstellar,2014,https://boxd.it/4VZ8,5
2020-03-27,The Breakfast Club,1985,https://boxd.it/27q4,4
2020-03-29,The Death of Stalin,2017,https://boxd.it/ea9Y,4
2020-03-31,Happy Feet,2006,https://boxd.it/1XH0,3
2020-03-31,Happy Feet Two,2011,https://boxd.it/2Om,2.5
2020-04-03,Tower Heist,2011,https://boxd.it/iQI,3
2020-04-06,Legally Blonde,2001,https://boxd.it/1ZNa,4
2020-04-11,Robin Hood,1973,https://boxd.it/1SRa,3
2020-04-11,Lilo & Stitch 2: Stitch Has a Glitch,2005,https://boxd.it/1CXw,3.5
2020-04-11,Holes,2003,https://boxd.it/20mE,3
2020-04-11,Air Buddies,2006,https://boxd.it/1XoM,2
2020-04-11,Snow Buddies,2008,https://boxd.it/1OQC,1.5
2020-04-11,Space Buddies,2009,https://boxd.it/1NsO,1
2020-04-11,Santa Buddies,2009,https://boxd.it/1wTo,1
2020-04-11,Beverly Hills Chihuahua,2008,https://boxd.it/1Ob0,0.5
2020-04-11,Fantasia,1940,https://boxd.it/29HG,4.5
2020-04-11,The Sword in the Stone,1963,https://boxd.it/1ZdG,3
2020-04-13,Rise of the Guardians,2012,https://boxd.it/2PXw,3
2020-04-23,The Wolf of Wall Street,2013,https://boxd.it/3C1m,4
2020-04-24,School of Rock,2003,https://boxd.it/28xK,3
2020-04-24,Gnomeo & Juliet,2011,https://boxd.it/OKi,2
2020-04-26,Paddington,2014,https://boxd.it/3RKw,3.5
2020-05-01,The Godfather,1972,https://boxd.it/2aNK,4.5
2020-05-04,The Godfather Part II,1974,https://boxd.it/2aNq,5
2020-05-10,Eighth Grade,2018,https://boxd.it/hDMG,4.5
2020-05-13,The Godfather Part III,1990,https://boxd.it/2aN6,2.5
2020-05-13,Once Upon a Deadpool,2018,https://boxd.it/kOfE,3
2020-05-29,The Terminator,1984,https://boxd.it/2aQY,4
2020-06-01,Terminator 2: Judgment Day,1991,https://boxd.it/2aGY,4.5
2020-06-03,Aliens,1986,https://boxd.it/29PA,4.5
2020-06-05,Seven Psychopaths,2012,https://boxd.it/34PW,4
2020-06-08,John Wick,2014,https://boxd.it/7dEc,3.5
2020-06-11,John Wick: Chapter 2,2017,https://boxd.it/ayGu,4
2020-06-12,X-Men: Days of Future Past,2014,https://boxd.it/4aRw,4
2020-06-12,Gravity,2013,https://boxd.it/GZY,3.5
2020-06-12,Frozen,2013,https://boxd.it/3GNa,3.5
2020-06-12,The Hunger Games: Mockingjay – Part 1,2014,https://boxd.it/4hka,3
2020-06-12,Kung Fu Panda,2008,https://boxd.it/1Yws,3.5
2020-06-12,Chicken Little,2005,https://boxd.it/1Xnu,3.5
2020-06-12,Green Book,2018,https://boxd.it/hErk,3
2020-06-12,We Bought a Zoo,2011,https://boxd.it/2AU8,3
2020-06-12,Pitch Perfect 3,2017,https://boxd.it/bUre,2.5
2020-06-12,Bedtime Stories,2008,https://boxd.it/1WPM,2.5
2020-06-14,Middleditch & Schwartz,2020,https://boxd.it/pV28,5
2020-06-16,John Wick: Chapter 3 – Parabellum,2019,https://boxd.it/gmFw,3.5
2020-06-16,Scott Pilgrim vs. the World,2010,https://boxd.it/1Aq6,5
2020-06-16,The Disaster Artist,2017,https://boxd.it/cTqc,4
2020-06-17,BlacKkKlansman,2018,https://boxd.it/hxL8,4
2020-06-29,The Grand Budapest Hotel,2014,https://boxd.it/3ZqO,5
2020-06-29,Cloverfield,2008,https://boxd.it/2192,3
2020-07-01,About Time,2013,https://boxd.it/43bI,4.5
2020-07-11,The Heat,2013,https://boxd.it/4p9a,2.5
2020-07-11,Identity Thief,2013,https://boxd.it/3GOW,2
2020-07-11,Hot Pursuit,2015,https://boxd.it/83Vu,2
2020-07-11,Liar Liar,1997,https://boxd.it/28sg,3
2020-07-11,Cheaper by the Dozen,2003,https://boxd.it/1USa,2.5
2020-07-11,Cheaper by the Dozen 2,2005,https://boxd.it/1Yac,2.5
2020-07-11,Tammy,2014,https://boxd.it/6GOS,1
2020-07-11,22 Jump Street,2014,https://boxd.it/5Fvy,3
2020-07-14,The Social Network,2010,https://boxd.it/17ue,5
2020-07-21,13th,2016,https://boxd.it/elNg,4.5
2020-08-05,Dunkirk,2017,https://boxd.it/d0Y6,4
2020-08-05,Memento,2000,https://boxd.it/2bcK,4.5
2020-08-15,Battleship,2012,https://boxd.it/QZ0,1
2020-08-19,The Secret Life of Walter Mitty,1947,https://boxd.it/12uI,3.5
2020-08-20,Lemonade,2016,https://boxd.it/dMMM,4.5
2020-08-27,Insomnia,2002,https://boxd.it/2aB0,3
2020-08-30,Tenet,2020,https://boxd.it/leq4,3.5
2020-08-31,Phineas and Ferb The Movie: Across the 2nd Dimension,2011,https://boxd.it/2ql8,3
2020-09-02,My Neighbor Totoro,1988,https://boxd.it/20eA,4.5
2020-09-02,Flushed Away,2006,https://boxd.it/1Tpm,3
2020-09-13,I'm Thinking of Ending Things,2020,https://boxd.it/i4IQ,4
2020-09-21,Safety Not Guaranteed,2012,https://boxd.it/2Y3M,2.5
2020-09-22,Madagascar 3: Europe's Most Wanted,2012,https://boxd.it/2NF6,3
2020-09-22,Madagascar: Escape 2 Africa,2008,https://boxd.it/1W2K,3
2020-09-28,Bo Burnham: What.,2013,https://boxd.it/7au4,4
2020-09-28,Bo Burnham: Make Happy,2016,https://boxd.it/e436,4
2020-09-29,Foodfight!,2012,https://boxd.it/3Ti0,0.5
2020-11-01,Black Swan,2010,https://boxd.it/Sw0,5
2020-11-12,The Perks of Being a Wallflower,2012,https://boxd.it/2ZA8,4.5
2020-11-23,Enchanted,2007,https://boxd.it/24co,4
2020-11-23,Hairspray,2007,https://boxd.it/261M,3
2020-11-25,Cocoon,2020,https://boxd.it/opps,3.5
2020-12-13,Unicorn Store,2017,https://boxd.it/f05u,3.5
2020-12-14,The Princess and the Frog,2009,https://boxd.it/1WQq,4.5
2020-12-17,Noelle,2019,https://boxd.it/gdzE,1
2020-12-19,The Little Mermaid,1989,https://boxd.it/1WYO,3
2020-12-20,Dirty Computer,2018,https://boxd.it/iLhe,3.5
2020-12-23,Anna and the Apocalypse,2017,https://boxd.it/gwcE,2.5
2020-12-24,Mickey's Once Upon a Christmas,1999,https://boxd.it/1Mj2,3
2020-12-26,Radio Rebel,2012,https://boxd.it/39mq,1
2020-12-26,16 Wishes,2010,https://boxd.it/12eU,1
2020-12-26,The Suite Life Movie,2011,https://boxd.it/f92,1
2020-12-26,Wizards on Deck with Hannah Montana,2009,https://boxd.it/2HCU,2.5
2020-12-27,Looper,2012,https://boxd.it/ham,4
2020-12-27,Shaun of the Dead,2004,https://boxd.it/29J8,4
2020-12-28,Booksmart,2019,https://boxd.it/igNS,4.5
2020-12-28,Hot Fuzz,2007,https://boxd.it/2416,4.5
2020-12-29,The SpongeBob SquarePants Movie,2004,https://boxd.it/1SYq,3.5
2020-12-30,The Pink Panther,2006,https://boxd.it/1Sys,3
2021-01-05,Captain America: The First Avenger,2011,https://boxd.it/28b0,3.5
2021-01-06,Captain Marvel,2019,https://boxd.it/9vSA,3
2021-01-06,Iron Man,2008,https://boxd.it/28dA,3.5
2021-01-07,The Incredible Hulk,2008,https://boxd.it/28dU,1.5
2021-01-07,Thor,2011,https://boxd.it/1WQU,2
2021-01-07,The Critic,2018,https://boxd.it/m6cU,3.5
2021-01-08,Thor: The Dark World,2013,https://boxd.it/2DqA,2
2021-01-08,Tooth Fairy,2010,https://boxd.it/1zKE,1.5
2021-01-09,Iron Man 3,2013,https://boxd.it/2cBQ,3
2021-01-09,Guardians of the Galaxy,2014,https://boxd.it/3VH2,4.5
2021-01-11,Avengers: Age of Ultron,2015,https://boxd.it/3qi6,3.5
2021-01-12,Ant-Man,2015,https://boxd.it/3vmW,3.5
2021-01-13,Black Panther,2018,https://boxd.it/8MHs,4
2021-01-17,Wonder Woman 1984,2020,https://boxd.it/gBtA,1.5
2021-01-18,Minions,2015,https://boxd.it/6jCO,1
2021-01-18,Transformers: Dark of the Moon,2011,https://boxd.it/16aC,3
2021-01-18,Transformers,2007,https://boxd.it/280c,2.5
2021-01-18,Shrek the Third,2007,https://boxd.it/29yY,1.5
2021-01-18,Ice Age: Dawn of the Dinosaurs,2009,https://boxd.it/20iC,2
2021-01-18,Ice Age,2002,https://boxd.it/2apS,3
2021-01-18,Ice Age: The Meltdown,2006,https://boxd.it/2wRk,2
2021-01-19,Paterson,2016,https://boxd.it/cRk2,3.5
2021-01-20,Meshes of the Afternoon,1943,https://boxd.it/1sEE,4
2021-01-20,Only Lovers Left Alive,2013,https://boxd.it/4O1U,4.5
2021-01-26,The Florida Project,2017,https://boxd.it/dMG0,5
2021-01-26,Donnie Darko,2001,https://boxd.it/2b2A,3.5
2021-01-26,Alvin and the Chipmunks: The Squeakquel,2009,https://boxd.it/1zgk,1
2021-01-26,Kung Fu Panda 2,2011,https://boxd.it/G36,2.5
2021-01-26,Kung Fu Panda 3,2016,https://boxd.it/4uRQ,1.5
2021-02-02,Arthur and the Invisibles,2006,https://boxd.it/1Xm2,1.5
2021-02-03,If Beale Street Could Talk,2018,https://boxd.it/gGhu,4.5
2021-02-06,2001: A Space Odyssey,1968,https://boxd.it/2bf0,4.5
2021-02-06,Knock Down the House,2019,https://boxd.it/kIss,4
2021-02-06,Sorry to Bother You,2018,https://boxd.it/f21E,4
2021-02-06,Once Upon a Time... in Hollywood,2019,https://boxd.it/gH0O,4
2021-02-06,Bambi,1942,https://boxd.it/25AQ,3.5
2021-02-06,Peter Pan,1953,https://boxd.it/1VCC,3.5
2021-02-06,Over the Hedge,2006,https://boxd.it/20QY,3.5
2021-02-06,X-Men: First Class,2011,https://boxd.it/FOA,4
2021-02-06,The Imitation Game,2014,https://boxd.it/6aig,3.5
2021-02-06,The World's End,2013,https://boxd.it/3EiO,3
2021-02-06,Burn After Reading,2008,https://boxd.it/23BW,4
2021-02-06,Men in Black 3,2012,https://boxd.it/103U,3
2021-02-06,The Hunger Games: Mockingjay – Part 2,2015,https://boxd.it/4hk0,3
2021-02-06,Jumanji: Welcome to the Jungle,2017,https://boxd.it/bUeE,3
2021-02-21,Diary of a Wimpy Kid,2010,https://boxd.it/1fUa,2
2021-02-21,Hotel for Dogs,2009,https://boxd.it/1MEa,1.5
2021-02-23,Cold War,2018,https://boxd.it/fEoc,4.5
2021-02-26,17 Again,2009,https://boxd.it/1Jnq,1
2021-02-28,Legend of the Guardians: The Owls of Ga'Hoole,2010,https://boxd.it/ZUy,2.5
2021-03-02,Midsommar,2019,https://boxd.it/jhxe,3.5
2021-03-02,(500) Days of Summer,2009,https://boxd.it/1EmM,4.5
2021-03-05,Billie Eilish: The World's a Little Blurry,2021,https://boxd.it/olni,4.5
2021-03-06,WandaVision,2021,https://boxd.it/sbGW,4.5
2021-03-09,Diary of a Wimpy Kid: Rodrick Rules,2011,https://boxd.it/gm2,2
2021-03-10,BPM (Beats per Minute),2017,https://boxd.it/g796,4
2021-03-12,Man of Steel,2013,https://boxd.it/FRk,2
2021-03-14,Batman v Superman: Dawn of Justice,2016,https://boxd.it/6fBW,2.5
2021-03-14,Suicide Squad,2016,https://boxd.it/9row,1
2021-03-15,Ingrid Goes West,2017,https://boxd.it/evUQ,3.5
2021-03-16,Faces Places,2017,https://boxd.it/g7ck,2
2021-03-16,Wonder Woman,2017,https://boxd.it/9roG,3
2021-03-16,Justice League,2017,https://boxd.it/4w68,1.5
2021-03-17,Aquaman,2018,https://boxd.it/9ru0,2.5
2021-03-20,Birds of Prey (and the Fantabulous Emancipation of One Harley Quinn),2020,https://boxd.it/hSyO,4
2021-03-24,Zack Snyder's Justice League,2021,https://boxd.it/tLOk,3.5
2021-03-30,Blade Runner,1982,https://boxd.it/2bcA,3
2021-03-30,Blade Runner 2049,2017,https://boxd.it/b8wK,4.5
2021-04-03,Birdman or (The Unexpected Virtue of Ignorance),2014,https://boxd.it/5RFA,4.5
2021-04-03,Soul,2020,https://boxd.it/ioLA,4.5
2021-04-03,Snowpiercer,2013,https://boxd.it/3Icg,4.5
2021-04-03,Kajillionaire,2020,https://boxd.it/jJDY,4.5
2021-04-04,The Lego Movie 2: The Second Part,2019,https://boxd.it/8BAU,3.5
2021-04-05,Whiplash,2014,https://boxd.it/7bQA,5
2021-04-07,Eternal Sunshine of the Spotless Mind,2004,https://boxd.it/6YK,4
2021-04-07,Annie Hall,1977,https://boxd.it/29M2,2
2021-04-08,The Graduate,1967,https://boxd.it/18Im,4.5
2021-04-09,Bee Movie,2007,https://boxd.it/22Vw,3
2021-04-09,Shark Tale,2004,https://boxd.it/1VYe,2
2021-04-10,Hamilton,2020,https://boxd.it/kmvE,4.5
2021-04-10,Scooby-Doo,2002,https://boxd.it/1YaQ,2.5
2021-04-10,Scooby-Doo 2: Monsters Unleashed,2004,https://boxd.it/1UPA,2.5
2021-04-16,Palm Springs,2020,https://boxd.it/lCXQ,4
2021-04-16,Malcolm & Marie,2021,https://boxd.it/r5cO,3
2021-04-17,High School Musical 3: Senior Year,2008,https://boxd.it/1SR0,1
2021-04-18,Promising Young Woman,2020,https://boxd.it/loRE,4
2021-04-18,The Big Lebowski,1998,https://boxd.it/2b6C,4
2021-04-18,Once Upon a Snowman,2020,https://boxd.it/rOlG,2.5
2021-04-18,Enola Holmes,2020,https://boxd.it/hX2o,2.5
2021-04-18,Saving Private Ryan,1998,https://boxd.it/29ro,4.5
2021-04-18,The Meyerowitz Stories (New and Selected),2017,https://boxd.it/dSp0,4
2021-04-18,The Favourite,2018,https://boxd.it/d2hI,5
2021-04-18,21 Jump Street,2012,https://boxd.it/J0,3.5
2021-04-18,Night at the Museum: Battle of the Smithsonian,2009,https://boxd.it/1H7U,2.5
2021-04-18,Night at the Museum: Secret of the Tomb,2014,https://boxd.it/5x3m,2
2021-04-18,Night at the Museum,2006,https://boxd.it/28wi,3
2021-04-18,Annie,2014,https://boxd.it/5W4u,1.5
2021-04-19,The Great Gatsby,2013,https://boxd.it/JY,1.5
2021-04-19,The Hitman's Bodyguard,2017,https://boxd.it/dCmO,2.5
2021-04-19,Mr. Popper's Penguins,2011,https://boxd.it/kRS,1.5
2021-04-19,Johnny English Reborn,2011,https://boxd.it/kQq,1.5
2021-04-19,Johnny English,2003,https://boxd.it/1YyI,1.5
2021-04-19,The Water Horse,2007,https://boxd.it/uzY,1.5
2021-04-19,Nanny McPhee,2005,https://boxd.it/1Uek,1.5
2021-04-19,Garfield,2004,https://boxd.it/1ZAA,1
2021-04-19,Garfield: A Tail of Two Kitties,2006,https://boxd.it/1YuG,1
2021-04-19,101 Dalmatians,1996,https://boxd.it/1TgO,2
2021-04-19,The Croods,2013,https://boxd.it/FRE,2
2021-04-19,Stuart Little,1999,https://boxd.it/1WZW,1.5
2021-04-19,Stuart Little 2,2002,https://boxd.it/1UTW,1.5
2021-04-20,Incredibles 2,2018,https://boxd.it/7IPg,4
2021-04-21,One Night in Miami...,2020,https://boxd.it/oCUo,3
2021-04-25,Sound of Metal,2019,https://boxd.it/i7Q4,4.5
2021-04-25,Miss Americana,2020,https://boxd.it/oifq,3
2021-04-26,Ma Rainey's Black Bottom,2020,https://boxd.it/mLcm,3
2021-05-11,The Mitchells vs. the Machines,2021,https://boxd.it/i7xm,4.5
2021-05-25,22 vs. Earth,2021,https://boxd.it/uyDA,3
2021-05-27,Hercules,1997,https://boxd.it/1SDW,4
2021-05-28,Amélie,2001,https://boxd.it/2aUc,4.5
2021-05-30,Nomadland,2020,https://boxd.it/lnRy,4.5
2021-05-31,Bo Burnham: Inside,2021,https://boxd.it/v2uy,5
2021-06-04,Little Miss Sunshine,2006,https://boxd.it/29EW,4.5
2021-06-05,Us Again,2021,https://boxd.it/thCe,3.5
2021-06-05,Raya and the Last Dragon,2021,https://boxd.it/jbkI,3.5
2021-06-09,Big Time Adolescence,2019,https://boxd.it/jFke,3.5
2021-06-11,The Way Way Back,2013,https://boxd.it/4Gwq,2.5
2021-06-17,Mr. Peabody & Sherman,2014,https://boxd.it/2TRM,2
2021-06-20,Luca,2021,https://boxd.it/ipjC,4
2021-06-21,Jennifer's Body,2009,https://boxd.it/1Efw,2.5
2021-06-23,"Crazy, Stupid, Love.",2011,https://boxd.it/D9A,3
2021-06-25,In the Heights,2021,https://boxd.it/gLhu,3.5
2021-06-28,The New Mutants,2020,https://boxd.it/bjle,1
2021-06-28,"Yes, God, Yes",2019,https://boxd.it/jaGS,3
2021-06-30,Midnight in Paris,2011,https://boxd.it/i4a,1.5
2021-07-01,National Theatre Live: Fleabag,2019,https://boxd.it/mXOW,4
2021-07-01,SOUR Prom,2021,https://boxd.it/vQoq,3
2021-07-01,A Bug's Life,1998,https://boxd.it/1Yyy,3
2021-07-02,Hidden Figures,2016,https://boxd.it/dgS4,4
2021-07-02,Hunt for the Wilderpeople,2016,https://boxd.it/cTgG,4
2021-07-02,Joker,2019,https://boxd.it/h4cS,4
2021-07-02,Now You See Me,2013,https://boxd.it/2Bsu,3.5
2021-07-02,Men in Black,1997,https://boxd.it/2a0I,3.5
2021-07-02,Molly's Game,2017,https://boxd.it/dSl8,3.5
2021-07-04,Tangerine,2015,https://boxd.it/9QRe,4
2021-07-05,One Day,2011,https://boxd.it/Asu,1
2021-07-05,Jackie,2016,https://boxd.it/d6bu,4.5
2021-07-06,The Darjeeling Limited,2007,https://boxd.it/24as,3.5
2021-07-08,Clueless,1995,https://boxd.it/1Ygk,4
2021-07-09,Monsters University,2013,https://boxd.it/bQm,3
2021-07-11,Cruella,2021,https://boxd.it/bbKg,2
2021-07-12,Auntie Edna,2018,https://boxd.it/jXaw,3
2021-07-12,Shiva Baby,2020,https://boxd.it/oIv0,4.5
2021-07-14,Back to the Future,1985,https://boxd.it/2b8e,4
2021-07-14,Following,1998,https://boxd.it/1Tj4,3.5
2021-07-14,Get Smart,2008,https://boxd.it/1Tig,3.5
2021-07-14,Arthur Christmas,2011,https://boxd.it/Cg6,3.5
2021-07-14,Groundhog Day,1993,https://boxd.it/2b3e,3
2021-07-14,El Camino: A Breaking Bad Movie,2019,https://boxd.it/kv0q,3
2021-07-14,Madagascar,2005,https://boxd.it/29dc,3
2021-07-14,DodgeBall: A True Underdog Story,2004,https://boxd.it/1YAY,3
2021-07-14,The Hobbit: An Unexpected Journey,2012,https://boxd.it/GZk,2.5
2021-07-14,Anchorman: The Legend of Ron Burgundy,2004,https://boxd.it/1ZVo,2.5
2021-07-14,Horrible Bosses,2011,https://boxd.it/Ba2,2.5
2021-07-14,LEGO Star Wars Holiday Special,2020,https://boxd.it/rtpC,2.5
2021-07-14,Star Wars: The Rise of Skywalker,2019,https://boxd.it/5xlK,2
2021-07-14,The Hobbit: The Desolation of Smaug,2013,https://boxd.it/nmS,1.5
2021-07-14,Ghostbusters,2016,https://boxd.it/Vm8,2
2021-07-14,Dark Shadows,2012,https://boxd.it/bQ2,2
2021-07-14,The Change-Up,2011,https://boxd.it/FRu,2
2021-07-14,Death to 2020,2020,https://boxd.it/t4EQ,2
2021-07-14,The Hobbit: The Battle of the Five Armies,2014,https://boxd.it/43aU,1.5
2021-07-14,Between Two Ferns: The Movie,2019,https://boxd.it/lw9g,2.5
2021-07-14,Meet the Robinsons,2007,https://boxd.it/28Ym,2.5
2021-07-14,Men in Black II,2002,https://boxd.it/2a0y,2.5
2021-07-14,Pocahontas,1995,https://boxd.it/1W2g,2.5
2021-07-14,Top Gun,1986,https://boxd.it/29JC,2.5
2021-07-14,Spectre,2015,https://boxd.it/6bXY,2.5
2021-07-14,Aladdin,2019,https://boxd.it/eSjy,2.5
2021-07-16,Space Jam,1996,https://boxd.it/26YO,2
2021-07-18,"Big Mommas: Like Father, Like Son",2011,https://boxd.it/16fC,1
2021-07-18,Percy Jackson: Sea of Monsters,2013,https://boxd.it/2D8m,1
2021-07-18,Green Lantern,2011,https://boxd.it/QN4,1
2021-07-18,Old Dogs,2009,https://boxd.it/1zPE,1.5
2021-07-18,The Sorcerer's Apprentice,2010,https://boxd.it/1sGg,1.5
2021-07-18,6 Underground,2019,https://boxd.it/irU6,1.5
2021-07-18,"The Good, the Bart, and the Loki",2021,https://boxd.it/vUPq,2
2021-07-18,The Game Plan,2007,https://boxd.it/1PDY,2
2021-07-18,Daddy's Home,2015,https://boxd.it/8jSc,2
2021-07-18,Blades of Glory,2007,https://boxd.it/1Xrm,2
2021-07-18,The Lone Ranger,2013,https://boxd.it/ngU,2
2021-07-18,San Andreas,2015,https://boxd.it/7sUa,2
2021-07-18,Maleficent: Mistress of Evil,2019,https://boxd.it/eSig,2
2021-07-18,Paul,2011,https://boxd.it/13uE,2
2021-07-18,The Social Dilemma,2020,https://boxd.it/opQI,2
2021-07-18,Astro Boy,2009,https://boxd.it/1JVW,2.5
2021-07-18,Phineas and Ferb the Movie: Candace Against the Universe,2020,https://boxd.it/lTrs,2.5
2021-07-18,Four Lions,2010,https://boxd.it/18do,2.5
2021-07-18,The Spy Who Dumped Me,2018,https://boxd.it/geEg,2.5
2021-07-18,Zathura: A Space Adventure,2005,https://boxd.it/21mq,2.5
2021-07-18,Ace Ventura: Pet Detective,1994,https://boxd.it/25RW,2.5
2021-07-18,The Hangover Part II,2011,https://boxd.it/PZI,2.5
2021-07-18,Pirates of the Caribbean: On Stranger Tides,2011,https://boxd.it/27Z4,2.5
2021-07-18,Bombshell,2019,https://boxd.it/j5YC,2.5
2021-07-18,Who Framed Roger Rabbit,1988,https://boxd.it/29ry,2.5
2021-07-18,The Wolverine,2013,https://boxd.it/2CWU,2.5
2021-07-18,The Jungle Book,2016,https://boxd.it/8wjk,2.5
2021-07-18,Kingsman: The Golden Circle,2017,https://boxd.it/buJm,2.5
2021-07-18,Beauty and the Beast,1991,https://boxd.it/1XhG,3
2021-07-18,Grease,1978,https://boxd.it/29YW,2.5
2021-07-18,The Lion King,2019,https://boxd.it/eSjI,2.5
2021-07-18,13th: A Conversation with Oprah Winfrey & Ava DuVernay,2017,https://boxd.it/fxju,3
2021-07-18,Maleficent,2014,https://boxd.it/3v1u,3
2021-07-18,Home Alone 2: Lost in New York,1992,https://boxd.it/29F6,3
2021-07-18,Game Night,2018,https://boxd.it/fRtu,3.5
2021-07-18,Ghostbusters,1984,https://boxd.it/g2w,3.5
2021-07-18,Home Alone,1990,https://boxd.it/29Fg,3.5
2021-07-18,Deadpool 2,2018,https://boxd.it/dlLM,3.5
2021-07-18,Uncut Gems,2019,https://boxd.it/gXGc,4
2021-07-18,Edge of Tomorrow,2014,https://boxd.it/4pD0,4
2021-07-18,Back to the Future Part II,1989,https://boxd.it/2aYI,4
2021-07-18,Gulliver's Travels,2010,https://boxd.it/15iK,1
2021-07-18,Turbo,2013,https://boxd.it/2Hzw,1
2021-07-18,Zoolander 2,2016,https://boxd.it/aNBE,1
2021-07-18,Alvin and the Chipmunks,2007,https://boxd.it/21E0,1
2021-07-18,Shrek Forever After,2010,https://boxd.it/1WRo,1
2021-07-18,Eurovision Song Contest: The Story of Fire Saga,2020,https://boxd.it/jkMG,1
2021-07-18,X-Men Origins: Wolverine,2009,https://boxd.it/27ug,1
2021-07-18,The Inbetweeners 2,2014,https://boxd.it/77a6,1.5
2021-07-18,"Alexander and the Terrible, Horrible, No Good, Very Bad Day",2014,https://boxd.it/6uQM,1.5
2021-07-18,The Green Hornet,2011,https://boxd.it/10TQ,1.5
2021-07-18,Prince of Persia: The Sands of Time,2010,https://boxd.it/1YpQ,1.5
2021-07-18,The Grinch,2018,https://boxd.it/chpK,1.5
2021-07-18,Snow White and the Huntsman,2012,https://boxd.it/k1M,1.5
2021-07-18,A Christmas Carol,2009,https://boxd.it/1HKW,1.5
2021-07-18,Tomorrowland,2015,https://boxd.it/4YaC,1.5
2021-07-18,Percy Jackson & the Olympians: The Lightning Thief,2010,https://boxd.it/1gJi,1.5
2021-07-18,Warm Bodies,2013,https://boxd.it/2TFm,1.5
2021-07-18,Marvel One-Shot: Agent Carter,2013,https://boxd.it/6jeC,3
2021-07-18,WarGames,1983,https://boxd.it/29qU,3
2021-07-18,Tarzan,1999,https://boxd.it/18YO,3
2021-07-18,Black Mirror: Bandersnatch,2018,https://boxd.it/kTDG,3
2021-07-18,Instant Family,2018,https://boxd.it/hHpQ,3.5
2021-07-18,Steve Jobs,2015,https://boxd.it/araG,3.5
2021-07-18,Jumanji,1995,https://boxd.it/1ZLI,3.5
2021-07-18,Zombieland,2009,https://boxd.it/1En6,3.5
2021-07-18,The Shape of Water,2017,https://boxd.it/dZ5m,3.5
2021-07-18,The Irishman,2019,https://boxd.it/dYOq,3.5
2021-07-18,Kingsman: The Secret Service,2014,https://boxd.it/6dxe,3.5
2021-07-18,Finding Dory,2016,https://boxd.it/4aAA,3.5
2021-07-18,Super 8,2011,https://boxd.it/dVI,3.5
2021-07-18,The Martian,2015,https://boxd.it/8SeG,3.5
2021-07-20,Fantastic Mr. Fox,2009,https://boxd.it/1WyQ,4
2021-07-20,Bottle Rocket,1996,https://boxd.it/1PDa,3
2021-07-21,Rushmore,1998,https://boxd.it/1TAO,3.5
2021-07-22,The Life Aquatic with Steve Zissou,2004,https://boxd.it/2aqw,3.5
2021-07-22,Moonrise Kingdom,2012,https://boxd.it/2Wng,4.5
2021-07-22,Hotel Chevalier,2007,https://boxd.it/21Ic,3
2021-07-22,Castello Cavalcanti,2013,https://boxd.it/6WlM,2.5
2021-07-22,Cousin Ben Troop Screening,2012,https://boxd.it/49SS,3.5
2021-07-22,Do You Like to Read?,2012,https://boxd.it/jMMY,3
2021-07-23,Isle of Dogs,2018,https://boxd.it/dZrW,4.5
2021-07-23,Bottle Rocket,1993,https://boxd.it/pP8,2.5
2021-07-27,Toy Story 4,2019,https://boxd.it/9ALu,4.5
2021-07-27,Horton Hears a Who!,2008,https://boxd.it/1SfA,2
2021-07-27,Not Another Teen Movie,2001,https://boxd.it/1TWq,3
2021-07-29,Paddington 2,2017,https://boxd.it/bCF8,4
2021-07-29,Alien,1979,https://boxd.it/2awY,4
2021-07-29,Alice in Wonderland,1951,https://boxd.it/1Sz6,4
2021-07-29,Under the Silver Lake,2018,https://boxd.it/dSAs,4
2021-07-30,The Last Airbender,2010,https://boxd.it/1WQK,0.5
2021-07-30,G-Force,2009,https://boxd.it/1ETc,0.5
2021-07-30,Alvin and the Chipmunks: Chipwrecked,2011,https://boxd.it/s9E,0.5
2021-07-30,Marmaduke,2010,https://boxd.it/15GW,0.5
2021-07-30,Space Chimps,2008,https://boxd.it/1T3q,0.5
2021-07-30,Space Chimps 2: Zartog Strikes Back,2010,https://boxd.it/P0g,0.5
2021-07-30,Divergent,2014,https://boxd.it/4VT0,1
2021-07-30,Despicable Me 2,2013,https://boxd.it/3gg0,1
2021-07-30,Men in Black: International,2019,https://boxd.it/hdJw,1
2021-07-30,The Chronicles of Narnia: Prince Caspian,2008,https://boxd.it/26Hy,1
2021-07-30,Underdog,2007,https://boxd.it/21vi,1
2021-07-30,Bohemian Rhapsody,2018,https://boxd.it/f1TK,1.5
2021-07-30,Ocean's Eight,2018,https://boxd.it/eaai,1.5
2021-07-30,X-Men: Apocalypse,2016,https://boxd.it/7eJi,1.5
2021-07-30,X-Men: The Last Stand,2006,https://boxd.it/1a5Q,1.5
2021-07-30,Tag,2018,https://boxd.it/gh7Y,1.5
2021-07-30,Where the Wild Things Are,2009,https://boxd.it/1K0C,1.5
2021-07-30,Transformers: Revenge of the Fallen,2009,https://boxd.it/20gG,1.5
2021-07-30,On the Rocks,2020,https://boxd.it/l8aY,2
2021-07-30,Grown Ups,2010,https://boxd.it/169a,1.5
2021-07-30,Oz the Great and Powerful,2013,https://boxd.it/2cAI,1.5
2021-07-30,The Circle,2017,https://boxd.it/bj1I,1.5
2021-07-30,Ice Age: Continental Drift,2012,https://boxd.it/lQ2,1.5
2021-07-30,The Internship,2013,https://boxd.it/3SWS,1.5
2021-07-30,Star Wars: The Clone Wars,2008,https://boxd.it/1Sly,1.5
2021-07-30,Hop,2011,https://boxd.it/DQa,1.5
2021-07-30,Aliens in the Attic,2009,https://boxd.it/1COY,1.5
2021-07-30,Passengers,2016,https://boxd.it/8lFu,2
2021-07-30,Bolt,2008,https://boxd.it/1QXg,2.5
2021-07-30,Monsters vs Aliens,2009,https://boxd.it/1M50,2
2021-07-30,The Hangover Part III,2013,https://boxd.it/3GNY,2
2021-07-30,The Chronicles of Narnia: The Voyage of the Dawn Treader,2010,https://boxd.it/1WZs,2
2021-07-30,Rio 2,2014,https://boxd.it/5jfy,2
2021-07-30,The Inbetweeners Movie,2011,https://boxd.it/2v50,2
2021-07-30,Brother Bear 2,2006,https://boxd.it/1Xji,2
2021-07-30,Nim's Island,2008,https://boxd.it/1W8y,2
2021-07-30,Ready Player One,2018,https://boxd.it/aZes,2.5
2021-07-30,Batman Begins,2005,https://boxd.it/2aIg,3.5
2021-07-30,Rio,2011,https://boxd.it/NKc,2.5
2021-07-30,The Boy in the Striped Pyjamas,2008,https://boxd.it/1NOK,3
2021-07-30,Dumbo,1941,https://boxd.it/1U2o,3
2021-07-30,Brother Bear,2003,https://boxd.it/1Xjs,3.5
2021-07-30,Saving Mr. Banks,2013,https://boxd.it/4vIq,3
2021-07-30,Wreck-It Ralph,2012,https://boxd.it/2TTS,3.5
2021-07-30,Die Hard,1988,https://boxd.it/2a7u,3.5
2021-07-30,The Tomorrow War,2021,https://boxd.it/lE78,1
2021-08-01,The Suicide Squad,2021,https://boxd.it/fw6O,4
2021-08-04,Gone Girl,2014,https://boxd.it/6hQu,4.5
2021-08-05,The Smurfs,2011,https://boxd.it/Zcm,2
2021-08-05,The Smurfs 2,2013,https://boxd.it/2HvO,1
2021-08-06,Zodiac,2007,https://boxd.it/27MO,4
2021-08-09,Brave,2012,https://boxd.it/bVG,3
2021-08-11,Up,2009,https://boxd.it/1OEc,5
2021-08-12,Princess Protection Program,2009,https://boxd.it/1F5s,1.5
2021-08-12,Fight Club,1999,https://boxd.it/2a9q,4.5
2021-08-13,Zola,2020,https://boxd.it/jEWQ,3.5
2021-08-15,Space Jam: A New Legacy,2021,https://boxd.it/dd9A,1
2021-08-15,Free Guy,2021,https://boxd.it/k8dm,3.5
2021-08-22,Vivo,2021,https://boxd.it/g13w,2
2021-08-28,The Bling Ring,2013,https://boxd.it/3lPY,2
2021-08-28,The Princess Bride,1987,https://boxd.it/26EY,3
2021-08-28,The Witcher: Nightmare of the Wolf,2021,https://boxd.it/oNDI,4
2021-08-29,Vacation Friends,2021,https://boxd.it/ohEO,1.5
2021-08-29,Black Bear,2020,https://boxd.it/n8ru,4
2021-09-05,He's All That,2021,https://boxd.it/bFbA,0.5
2021-09-05,The Adventures of Sharkboy and Lavagirl,2005,https://boxd.it/1Ozm,2.5
2021-09-05,Shang-Chi and the Legend of the Ten Rings,2021,https://boxd.it/kLDI,4
2021-09-07,Cinderella,2021,https://boxd.it/lSCY,0.5
2021-09-07,Happier Than Ever: A Love Letter to Los Angeles,2021,https://boxd.it/wcNs,3.5
2021-09-08,Reminiscence,2021,https://boxd.it/lhMM,1.5
2021-09-08,Annette,2021,https://boxd.it/f0RS,3.5
2021-09-10,Stormbreaker,2006,https://boxd.it/1XnY,1.5
2021-09-16,In the Mood for Love,2000,https://boxd.it/29tE,4.5
2021-09-23,The Truman Show,1998,https://boxd.it/18U8,3
2021-09-25,Dug Days,2021,https://boxd.it/wMAE,3.5
2021-09-27,Folklore: The Long Pond Studio Sessions,2020,https://boxd.it/sRk4,3.5
2021-09-27,The Matrix,1999,https://boxd.it/2a1m,4
2021-09-28,Oldboy,2003,https://boxd.it/29R2,4.5
2021-09-29,The Green Knight,2021,https://boxd.it/kuy2,4.5
2021-10-01,The Day After Tomorrow,2004,https://boxd.it/2aog,2
2021-10-03,The Guilty,2021,https://boxd.it/kOPW,3.5
2021-10-05,The DUFF,2015,https://boxd.it/8eP8,1
2021-10-08,Spencer,2021,https://boxd.it/qPMG,4.5
2021-10-08,The Lost Boys,1987,https://boxd.it/28DI,3
2021-10-10,The Falcon and the Winter Soldier,2021,https://boxd.it/sbH6,3
2021-10-11,The Royal Tenenbaums,2001,https://boxd.it/1YHU,5
2021-10-12,"The French Dispatch of the Liberty, Kansas Evening Sun",2021,https://boxd.it/jLP8,5
2021-10-18,Titane,2021,https://boxd.it/nlQC,4
2021-10-19,The Tragedy of Macbeth,2021,https://boxd.it/lMi4,3.5
2021-10-20,Venom,2018,https://boxd.it/b8wA,1.5
2021-10-21,Venom: Let There Be Carnage,2021,https://boxd.it/llco,1
2021-10-26,Dune,2021,https://boxd.it/fA7G,5
2021-10-26,Black Widow,2021,https://boxd.it/hWV8,3
2021-11-03,LEGO Star Wars Terrifying Tales,2021,https://boxd.it/woeY,2
2021-11-14,The Simpsons in Plusaversary,2021,https://boxd.it/x5vI,1.5
2021-11-14,Eternals,2021,https://boxd.it/j36o,3.5
2021-11-14,All Too Well: The Short Film,2021,https://boxd.it/xTmc,3
2021-11-15,Keeping Up with the Joneses,2016,https://boxd.it/aS5y,2
2021-11-16,Olaf Presents,2021,https://boxd.it/xT8k,3.5
2021-11-16,Ciao Alberto,2021,https://boxd.it/x4F8,3
2021-11-22,Diary of a Wimpy Kid: Dog Days,2012,https://boxd.it/2TG0,1.5
2021-11-25,Spider-Man,2002,https://boxd.it/2a8i,2.5
2021-11-29,Scenes from a Marriage,2021,https://boxd.it/wzSU,4
2021-12-03,Spider-Man 2,2004,https://boxd.it/2a88,3
2021-12-08,Spider-Man 3,2007,https://boxd.it/2a7Y,1.5
2021-12-12,The Amazing Spider-Man 2,2014,https://boxd.it/3utM,1.5
2021-12-13,Spider-Man: Homecoming,2017,https://boxd.it/aboM,4.5
2021-12-14,The Lorax,2012,https://boxd.it/2w9M,2
2021-12-21,West Side Story,2021,https://boxd.it/iwt0,3.5
2021-12-22,House of Gucci,2021,https://boxd.it/nVkC,1
2021-12-24,Hawkeye,2021,https://boxd.it/xQqK,3
2021-12-24,The Muppet Christmas Carol,1992,https://boxd.it/1WgC,2.5
2021-12-24,Happiest Season,2020,https://boxd.it/iS3I,2.5
2021-12-25,Encanto,2021,https://boxd.it/kPRu,4
2021-12-25,Don't Look Up,2021,https://boxd.it/o0Hc,4
2021-12-25,Happy Christmas,2014,https://boxd.it/7bjm,2
2021-12-27,What We Did on Our Holiday,2014,https://boxd.it/8qLs,3
2021-12-27,Red Notice,2021,https://boxd.it/ixtq,1.5
2021-12-30,Harry Potter and the Philosopher's Stone,2001,https://boxd.it/29QS,4
2022-01-02,Chaos Walking,2021,https://boxd.it/ey2M,2
2022-01-04,Harry Potter 20th Anniversary: Return to Hogwarts,2022,https://boxd.it/xXJk,3
2022-01-08,The Last Duel,2021,https://boxd.it/mQbe,4
2022-01-10,"tick, tick... BOOM!",2021,https://boxd.it/jz2e,4
2022-01-10,Jungle Cruise,2021,https://boxd.it/g4YK,1
2022-01-11,Hotel Transylvania,2012,https://boxd.it/2DF6,2.5
2022-01-11,Hotel Transylvania 2,2015,https://boxd.it/4ZLk,2
2022-01-12,Being the Ricardos,2021,https://boxd.it/iJQc,2
2022-01-14,The Lost Daughter,2021,https://boxd.it/kgww,4
2022-01-18,The Summit of the Gods,2021,https://boxd.it/qFIu,4.5
2022-01-18,Ready or Not,2019,https://boxd.it/kOf0,3.5
2022-01-18,Memoria,2021,https://boxd.it/iwtE,2.5
2022-01-20,Frozen II,2019,https://boxd.it/aPvo,2.5
2022-01-21,The Kid Detective,2020,https://boxd.it/r0qm,3.5
2022-01-25,Good Time,2017,https://boxd.it/fcFu,4.5
2022-02-06,Devs,2020,https://boxd.it/ppHI,3.5
2022-02-07,The Souvenir,2019,https://boxd.it/gXU4,4
2022-02-07,The Souvenir: Part II,2021,https://boxd.it/gXTK,4.5
2022-02-07,The Adventures of Tintin,2011,https://boxd.it/1Irc,3.5
2022-02-15,Ghostbusters: Afterlife,2021,https://boxd.it/f4Pw,1.5
2022-02-15,Uncharted,2022,https://boxd.it/b5Dy,2.5
2022-02-21,Petite Maman,2021,https://boxd.it/s6je,4
2022-02-21,Batman,1966,https://boxd.it/26uO,2.5
2022-02-22,Batman,1989,https://boxd.it/2aIU,3
2022-02-22,Batman Returns,1992,https://boxd.it/2awa,3.5
2022-02-23,Batman: Mask of the Phantasm,1993,https://boxd.it/1N6S,4
2022-02-23,Batman Forever,1995,https://boxd.it/2ara,1.5
2022-02-24,Batman & Robin,1997,https://boxd.it/2ar0,1
2022-02-24,Catwoman,2004,https://boxd.it/2aBY,0.5
2022-03-05,The Outfit,2022,https://boxd.it/u6Eq,3
2022-03-05,The Worst Person in the World,2021,https://boxd.it/oyws,5
2022-03-06,12 Years a Slave,2013,https://boxd.it/2D2e,4
2022-03-08,Bergman Island,2021,https://boxd.it/h86E,2
2022-03-22,The Power of the Dog,2021,https://boxd.it/m99E,4.5
2022-03-22,The Batman,2022,https://boxd.it/eDGs,5
2022-03-24,Turning Red,2022,https://boxd.it/ipkq,4
2022-03-25,The Dark Knight,2008,https://boxd.it/2b0k,4.5
2022-03-26,Belfast,2021,https://boxd.it/tefG,2.5
2022-03-26,I Want You Back,2022,https://boxd.it/poyU,2.5
2022-03-28,King Richard,2021,https://boxd.it/mJZ2,4
2022-03-28,CODA,2021,https://boxd.it/tbf4,2.5
2022-03-30,Nightmare Alley,2021,https://boxd.it/m0HC,3.5
2022-03-30,Drive My Car,2021,https://boxd.it/sv94,4
2022-03-31,The Eyes of Tammy Faye,2021,https://boxd.it/mbB6,3.5
2022-03-31,Fresh,2022,https://boxd.it/tCNi,3.5
2022-04-01,Red Rocket,2021,https://boxd.it/sGpi,4
2022-04-01,OLIVIA RODRIGO: driving home 2 u (a SOUR film),2022,https://boxd.it/zrig,3.5
2022-04-06,The Bubble,2022,https://boxd.it/sKAa,2
2022-04-07,Matthias & Maxime,2019,https://boxd.it/iOQ2,3.5
2022-04-08,Better Nate Than Ever,2022,https://boxd.it/vaVC,2.5
2022-04-09,Murder Mystery,2019,https://boxd.it/iEBm,1.5
2022-04-09,The Great Hack,2019,https://boxd.it/kL8g,2.5
2022-04-09,Jumanji: The Next Level,2019,https://boxd.it/ixu4,2.5
2022-04-09,Zombieland: Double Tap,2019,https://boxd.it/bgb6,2.5
2022-04-09,Good Boys,2019,https://boxd.it/iW1G,2.5
2022-04-09,Pokémon Detective Pikachu,2019,https://boxd.it/fVA0,2.5
2022-04-09,Katherine Ryan: Glitter Room,2019,https://boxd.it/llTs,2.5
2022-04-11,Sonic the Hedgehog 2,2022,https://boxd.it/pb8O,3
2022-04-11,Silver Linings Playbook,2012,https://boxd.it/2TTo,2.5
2022-04-14,Fantastic Beasts and Where to Find Them,2016,https://boxd.it/7FPC,2
2022-04-14,Fantastic Beasts: The Crimes of Grindelwald,2018,https://boxd.it/bg8G,1.5
2022-04-15,Morbius,2022,https://boxd.it/j978,1
2022-04-16,Last Night in Soho,2021,https://boxd.it/lbJC,2.5
2022-04-24,The Northman,2022,https://boxd.it/nK2s,4
2022-04-24,Barb & Star Go to Vista Del Mar,2021,https://boxd.it/lX9M,3.5
2022-04-24,When Billie Met Lisa,2022,https://boxd.it/Am3i,2
2022-04-26,The Talented Mr. Ripley,1999,https://boxd.it/2924,4.5
2022-05-05,Moon Knight,2022,https://boxd.it/zeDq,3
2022-05-10,Doctor Strange in the Multiverse of Madness,2022,https://boxd.it/gaTc,3
2022-05-12,Drive,2011,https://boxd.it/IG,3
2022-05-15,Senior Year,2022,https://boxd.it/u8C2,2
2022-05-21,Chip 'n Dale: Rescue Rangers,2022,https://boxd.it/eSk2,3
2022-05-23,Spring Breakers,2012,https://boxd.it/421s,1.5
2022-05-25,The Lost City,2022,https://boxd.it/sg0Q,2.5
2022-05-26,Everything Everywhere All at Once,2022,https://boxd.it/jUk4,5
2022-05-26,Mrs. Doubtfire,1993,https://boxd.it/29Cw,3.5
2022-06-02,Fantastic Beasts: The Secrets of Dumbledore,2022,https://boxd.it/bg8Q,1.5
2022-06-15,"Good Luck to You, Leo Grande",2022,https://boxd.it/stYk,4
2022-06-16,The Woman Who Ran,2020,https://boxd.it/oEEi,2
2022-06-16,Romeo + Juliet,1996,https://boxd.it/2ama,3
2022-06-16,Men,2022,https://boxd.it/tlc0,2
2022-06-20,Lightyear,2022,https://boxd.it/qV1G,2.5
2022-06-21,Cha Cha Real Smooth,2022,https://boxd.it/uF8E,4
2022-06-26,Despicable Me,2010,https://boxd.it/1DD8,2
2022-06-27,Obi-Wan Kenobi,2022,https://boxd.it/yLBA,3
2022-06-30,Top Gun: Maverick,2022,https://boxd.it/cjr4,4
2022-07-02,Elvis,2022,https://boxd.it/mK4w,4
2022-07-08,Thor: Ragnarok,2017,https://boxd.it/8MHi,3.5
2022-07-10,The Spectacular Now,2013,https://boxd.it/4VSG,1.5
2022-07-10,Wine Country,2019,https://boxd.it/izJU,1
2022-07-15,The Edge of Seventeen,2016,https://boxd.it/d5nu,3.5
2022-07-15,The Adam Project,2022,https://boxd.it/q2Dg,2
2022-07-21,Ms. Marvel,2022,https://boxd.it/ANCY,3.5
2022-07-21,"Paris, Texas",1984,https://boxd.it/29Ts,4.5
2022-07-22,Mr. & Mrs. Smith,2005,https://boxd.it/29CG,2
2022-07-23,Lemonade Mouth,2011,https://boxd.it/4bG,2
2022-07-24,Two for the Road,1967,https://boxd.it/22AI,4
2022-07-25,Lost in Translation,2003,https://boxd.it/2b0E,2
2022-07-26,The Gray Man,2022,https://boxd.it/rb7q,1.5
2022-07-27,Persuasion,2022,https://boxd.it/uVFY,1
2022-07-28,Monte Carlo,2011,https://boxd.it/hqk,2
2022-07-28,Arthur and the Revenge of Maltazard,2009,https://boxd.it/1tKI,1.5
2022-07-28,Camp Rock,2008,https://boxd.it/1PHw,2
2022-07-28,Camp Rock 2: The Final Jam,2010,https://boxd.it/Sru,2.5
2022-07-28,For a Few Dollars More,1965,https://boxd.it/29eu,3.5
2022-07-30,Love & Other Drugs,2010,https://boxd.it/UIi,2
2022-07-31,Skyfall,2012,https://boxd.it/17Fc,3.5
2022-08-03,Bullet Train,2022,https://boxd.it/qW26,3.5
2022-08-11,Not Okay,2022,https://boxd.it/vCEY,3.5
2022-08-12,LEGO Star Wars Summer Vacation,2022,https://boxd.it/B3gY,2
2022-08-12,Groot's First Steps,2022,https://boxd.it/CcTM,2.5
2022-08-12,The Little Guy,2022,https://boxd.it/CcU6,3
2022-08-12,Groot's Pursuit,2022,https://boxd.it/CcUq,3
2022-08-12,Groot Takes a Bath,2022,https://boxd.it/CcTW,3
2022-08-12,Magnum Opus,2022,https://boxd.it/CcUg,2.5
2022-08-15,Funny Pages,2022,https://boxd.it/lrlm,3.5
2022-08-17,Aftersun,2022,https://boxd.it/Arw0,4.5
2022-08-17,Nope,2022,https://boxd.it/sDCe,4
2022-08-17,Kicking and Screaming,1995,https://boxd.it/1pHK,3
2022-08-18,While We're Young,2014,https://boxd.it/7oOs,3.5
2022-08-21,Columbus,2017,https://boxd.it/eCuA,4.5
2022-08-22,After Yang,2021,https://boxd.it/lx5a,4
2022-08-22,HOMECOMING: A film by Beyoncé,2019,https://boxd.it/lS2Q,4.5
2022-08-24,Bodies Bodies Bodies,2022,https://boxd.it/iRcE,4.5
2022-08-29,Zookeeper,2011,https://boxd.it/16gq,1
2022-09-01,Princess,2022,https://boxd.it/ziqU,2.5
2022-09-01,Living,2022,https://boxd.it/syDQ,3.5
2022-09-02,White Noise,2022,https://boxd.it/rXgK,3.5
2022-09-03,A Couple,2022,https://boxd.it/BYjK,1.5
2022-09-04,TÁR,2022,https://boxd.it/uNIA,4.5
2022-09-04,"BARDO, False Chronicle of a Handful of Truths",2022,https://boxd.it/pAgy,4
2022-09-05,Bones and All,2022,https://boxd.it/tLd4,4
2022-09-05,Athena,2022,https://boxd.it/waii,3.5
2022-09-05,All the Beauty and the Bloodshed,2022,https://boxd.it/BYjU,4.5
2022-09-05,Argentina 1985,2022,https://boxd.it/qLxM,3
2022-09-05,Master Gardener,2022,https://boxd.it/wNuC,1.5
2022-09-07,L'immensità,2022,https://boxd.it/sXPC,3
2022-09-07,Bobi Wine: The People's President,2022,https://boxd.it/BYm0,3
2022-09-08,Other People's Children,2022,https://boxd.it/ufP8,3
2022-09-08,Monica,2022,https://boxd.it/jHlI,2.5
2022-09-08,Love Life,2022,https://boxd.it/yXzm,3.5
2022-09-09,Don't Worry Darling,2022,https://boxd.it/mViu,3.5
2022-09-09,Lord of the Ants,2022,https://boxd.it/vGMi,3
2022-09-10,The Banshees of Inisherin,2022,https://boxd.it/p7XS,4.5
2022-09-10,Saint Omer,2022,https://boxd.it/yShC,2
2022-09-11,The Eternal Daughter,2022,https://boxd.it/tJnG,3.5
2022-09-11,Beyond The Wall,2022,https://boxd.it/BYk4,3
2022-09-11,Dreamin' Wild,2022,https://boxd.it/xuw2,3.5
2022-09-12,The Son,2022,https://boxd.it/umm8,2
2022-09-13,Blonde,2022,https://boxd.it/9AG0,3
2022-09-13,No Bears,2022,https://boxd.it/ANxk,2.5
2022-09-13,Copenhagen Cowboy,2022,https://boxd.it/DBxo,4
2022-09-13,The Whale,2022,https://boxd.it/tw4c,5
2022-09-18,Welcome to the Club,2022,https://boxd.it/CovC,2.5
2022-09-18,Starter for 10,2006,https://boxd.it/1OQW,2
2022-09-19,Thor: Love and Thunder,2022,https://boxd.it/mMAY,2.5
2022-09-20,The Lord of the Rings: The Fellowship of the Ring,2001,https://boxd.it/2b5O,4
2022-09-21,See How They Run,2022,https://boxd.it/sNVq,3
2022-09-24,The Woman King,2022,https://boxd.it/r9a8,3
2022-09-24,Crimes of the Future,2022,https://boxd.it/uTuY,1.5
2022-10-09,Megamind,2010,https://boxd.it/16Sk,3
2022-10-13,Emily,2022,https://boxd.it/qrMC,4
2022-10-17,Cats & Dogs,2001,https://boxd.it/1UUq,1
2022-10-17,Cats & Dogs: The Revenge of Kitty Galore,2010,https://boxd.it/13l8,1
2022-11-09,She-Hulk: Attorney at Law,2022,https://boxd.it/CjLK,3.5
2022-11-10,Amsterdam,2022,https://boxd.it/oJ58,1
2022-11-10,Trainspotting,1996,https://boxd.it/29XY,4
2022-11-10,T2 Trainspotting,2017,https://boxd.it/5vTA,3
2022-11-10,A Nightmare on Elm Street,1984,https://boxd.it/2aw0,3
2022-11-10,Enola Holmes 2,2022,https://boxd.it/vfDe,2.5
2022-11-10,Selena Gomez: My Mind & Me,2022,https://boxd.it/CDxS,3
2022-11-14,Do Revenge,2022,https://boxd.it/sFiA,3
2022-11-20,Weird: The Al Yankovic Story,2022,https://boxd.it/yYZA,3
2022-11-24,Taylor Swift: Reputation Stadium Tour,2018,https://boxd.it/kQ0w,3.5
2022-11-27,Glass Onion,2022,https://boxd.it/oCkK,4
2022-12-01,Solo: A Star Wars Story,2018,https://boxd.it/bGWs,2
2022-12-04,The Guardians of the Galaxy Holiday Special,2022,https://boxd.it/t77K,3.5
2022-12-09,Looking: The Movie,2016,https://boxd.it/cTtg,3
2022-12-18,Causeway,2022,https://boxd.it/lWQq,3.5
2022-12-18,Entergalactic,2022,https://boxd.it/CPN4,3
2022-12-19,Night at the Museum: Kahmunrah Rises Again,2022,https://boxd.it/sd7Y,1.5
2022-12-20,Avatar,2009,https://boxd.it/1Efm,3.5
2022-12-20,Avatar: The Way of Water,2022,https://boxd.it/2E2E,4
2022-12-22,The Unbearable Weight of Massive Talent,2022,https://boxd.it/o6eK,2.5
2022-12-22,The Menu,2022,https://boxd.it/lScm,3
2022-12-23,The Good Nurse,2022,https://boxd.it/jIXI,4
2022-12-24,She Said,2022,https://boxd.it/vBaI,3.5
2022-12-25,Spirited,2022,https://boxd.it/nshk,1.5
2022-12-25,Elf,2003,https://boxd.it/1VyK,4
2022-12-27,National Lampoon's Christmas Vacation,1989,https://boxd.it/22wQ,2
2022-12-27,It's a Wonderful Life,1946,https://boxd.it/28xA,4.5
2022-12-27,Klaus,2019,https://boxd.it/ipoi,4.5
2022-12-27,Carol,2015,https://boxd.it/7DPK,4
2022-12-28,Decision to Leave,2022,https://boxd.it/qp9e,4
2022-12-28,Emily the Criminal,2022,https://boxd.it/wBOq,4
2022-12-28,Disenchanted,2022,https://boxd.it/bg9E,1.5
2022-12-29,Guillermo del Toro's Pinocchio,2022,https://boxd.it/kjMW,3.5
2022-12-30,"Paris, 13th District",2021,https://boxd.it/s0Ky,3
2022-12-30,RRR,2022,https://boxd.it/ljDs,4
2023-01-03,Strange World,2022,https://boxd.it/x6Li,2.5
2023-01-04,Power Rangers,2017,https://boxd.it/9KKc,1.5
2023-01-11,Mamma Mia!,2008,https://boxd.it/1Tnq,3.5
2023-01-12,The Lord of the Rings: The Return of the King,2003,https://boxd.it/2b5u,4.5
2023-01-12,Jerrod Carmichael: Rothaniel,2022,https://boxd.it/zW6A,4.5
2023-01-15,Matilda,1996,https://boxd.it/1VhY,4
2023-01-15,Roald Dahl's Matilda the Musical,2022,https://boxd.it/oToE,3
2023-01-15,Puss in Boots,2011,https://boxd.it/eL34,2.5
2023-01-15,Dear Evan Hansen,2021,https://boxd.it/kOP8,0.5
2023-01-16,Set It Up,2018,https://boxd.it/dpik,2
2023-01-17,Empire of Light,2022,https://boxd.it/uGpm,2
2023-01-18,I Wanna Dance with Somebody,2022,https://boxd.it/q0Dy,2
2023-02-01,The Sea Beast,2022,https://boxd.it/kv3a,2.5
2023-02-02,Babylon,2022,https://boxd.it/mM02,5
2023-02-04,M3GAN,2022,https://boxd.it/jxmG,3
2023-02-04,The Quiet Girl,2022,https://boxd.it/yvgm,3.5
2023-02-08,The Fabelmans,2022,https://boxd.it/ugoM,4.5
2023-02-11,Triangle of Sadness,2022,https://boxd.it/hXlq,3.5
2023-02-14,Magic Mike,2012,https://boxd.it/2HvY,3
2023-02-15,BEYONCÉ,2013,https://boxd.it/byfA,3
2023-02-15,Magic Mike XXL,2015,https://boxd.it/7TTS,3
2023-02-18,Marcel the Shell with Shoes On,2021,https://boxd.it/wMAk,4.5
2023-02-19,Ant-Man and the Wasp: Quantumania,2023,https://boxd.it/nL2y,3
2023-02-24,"Love, Simon",2018,https://boxd.it/g02s,3.5
2023-02-25,Puss in Boots: The Last Wish,2022,https://boxd.it/aaie,4
2023-02-27,20th Century Women,2016,https://boxd.it/bqU6,4.5
2023-03-04,Women Talking,2022,https://boxd.it/tdq4,3.5
2023-03-10,All Quiet on the Western Front,2022,https://boxd.it/H08,4
2023-03-12,Dungeons & Dragons: Honor Among Thieves,2023,https://boxd.it/hN1A,3.5
2023-03-19,Shazam!,2019,https://boxd.it/8WBu,3
2023-04-10,boygenius: the film,2023,https://boxd.it/FQGY,3
2023-04-10,Murder Mystery 2,2023,https://boxd.it/nHOo,1
2023-04-18,The Super Mario Bros. Movie,2023,https://boxd.it/i8C8,3.5
2023-04-23,Eddie the Eagle,2015,https://boxd.it/amAY,3.5
2023-05-06,Ghosted,2023,https://boxd.it/wL1e,1.5
2023-05-06,Mae Martin: SAP,2023,https://boxd.it/FA1K,3
2023-05-20,Guardians of the Galaxy Vol. 3,2023,https://boxd.it/fVNI,4.5
2023-05-20,The Three Musketeers: D'Artagnan,2023,https://boxd.it/tXF0,3.5
2023-05-20,Air,2023,https://boxd.it/Arlc,2
2023-05-20,Tetris,2023,https://boxd.it/rePK,3.5
2023-05-22,White Men Can't Jump,2023,https://boxd.it/yEMG,2.5
2023-05-22,Shazam! Fury of the Gods,2023,https://boxd.it/lV0S,1.5
2023-05-30,The Eight Mountains,2022,https://boxd.it/ufRe,4
2023-05-30,Beau Is Afraid,2023,https://boxd.it/u2gE,3.5
2023-05-30,Nightcrawler,2014,https://boxd.it/780m,4
2023-05-30,Dune,1984,https://boxd.it/29tY,1.5
2023-06-05,GoodFellas,1990,https://boxd.it/29FA,4
2023-06-05,Spider-Man: Across the Spider-Verse,2023,https://boxd.it/kSz4,5
2023-06-05,Sicario,2015,https://boxd.it/8i7u,4
2023-06-06,Bros,2022,https://boxd.it/mJZw,2.5
2023-06-11,Contempt,1963,https://boxd.it/2aJe,3.5
2023-06-12,The Little Mermaid,2023,https://boxd.it/fVum,3
2023-06-12,10 Things I Hate About You,1999,https://boxd.it/23AO,3.5
2023-06-16,The Flash,2023,https://boxd.it/9twC,2.5
2023-06-16,Cloudy with a Chance of Meatballs 2,2013,https://boxd.it/3GMw,3.5
2023-06-18,DC League of Super-Pets,2022,https://boxd.it/jFTI,1.5
2023-06-19,Ghost in the Shell,1995,https://boxd.it/1YYc,3.5
2023-06-19,Perfect Blue,1997,https://boxd.it/1W7A,4.5
2023-06-19,Your Name.,2016,https://boxd.it/cUqs,5
2023-06-19,Promare,2019,https://boxd.it/keFQ,2.5
2023-06-19,Belle,2021,https://boxd.it/tbEe,3.5
2023-06-20,No Hard Feelings,2023,https://boxd.it/xouu,4
2023-06-23,Elemental,2023,https://boxd.it/ASiE,2.5
2023-06-23,Carl's Date,2023,https://boxd.it/EInC,2.5
2023-06-24,Paris 05:59 / Théo & Hugo,2016,https://boxd.it/dkFe,4
2023-06-26,Asteroid City,2023,https://boxd.it/s3ds,4.5
2023-07-01,Indiana Jones and the Temple of Doom,1984,https://boxd.it/2bb8,3.5
2023-07-01,Indiana Jones and the Last Crusade,1989,https://boxd.it/2baO,4
2023-07-01,Indiana Jones and the Kingdom of the Crystal Skull,2008,https://boxd.it/2aR8,3
2023-07-01,Curious George,2006,https://boxd.it/1Xos,3
2023-07-02,Indiana Jones and the Dial of Destiny,2023,https://boxd.it/b8vM,3.5
2023-07-06,Mission: Impossible,1996,https://boxd.it/29d2,3.5
2023-07-06,Transformers: Rise of the Beasts,2023,https://boxd.it/oQTa,2
2023-07-08,Mission: Impossible – Ghost Protocol,2011,https://boxd.it/psI,4
2023-07-08,Nimona,2023,https://boxd.it/Aiyc,4
2023-07-09,Joy Ride,2023,https://boxd.it/wEeK,3.5
2023-07-10,Mission: Impossible – Rogue Nation,2015,https://boxd.it/5rI4,4
2023-07-17,Fire Island,2022,https://boxd.it/vV8C,4
2023-07-17,Dogtooth,2009,https://boxd.it/158K,4.5
2023-07-23,Lady Bird,2017,https://boxd.it/dGNE,5
2023-07-30,Oppenheimer,2023,https://boxd.it/wUow,5
2023-08-02,Talk to Me,2022,https://boxd.it/C6uQ,3.5
2023-08-03,Persona,1966,https://boxd.it/29B4,4
2023-08-03,Greenberg,2010,https://boxd.it/1rt6,4
2023-08-05,Teenage Mutant Ninja Turtles: Mutant Mayhem,2023,https://boxd.it/mK0a,3.5
2023-08-05,Secret Invasion,2023,https://boxd.it/HcqU,1
2023-08-13,Central Intelligence,2016,https://boxd.it/9DFE,2.5
2023-08-13,They Cloned Tyrone,2023,https://boxd.it/rE7a,2.5
2023-08-15,"Red, White & Royal Blue",2023,https://boxd.it/z3iG,1.5
2023-08-17,Gran Turismo,2023,https://boxd.it/B2lS,2
2023-08-17,Haunted Mansion,2023,https://boxd.it/mOsi,1.5
2023-08-17,Scrapper,2023,https://boxd.it/zht4,4
2023-08-18,The Blackening,2022,https://boxd.it/C6VM,2.5
2023-08-19,Silent Roar,2023,https://boxd.it/CPcs,4
2023-08-21,Blue Beetle,2023,https://boxd.it/kJLq,3
2023-08-21,John Wick: Chapter 4,2023,https://boxd.it/mh48,4.5
2023-08-23,Femme,2023,https://boxd.it/ASQw,4.5
2023-08-23,Afire,2023,https://boxd.it/y06K,3.5
2023-08-28,Showing Up,2022,https://boxd.it/tJ1q,3
2023-08-28,Fremont,2023,https://boxd.it/DHjM,2.5
2023-08-28,Pitch Perfect,2012,https://boxd.it/3OsE,4
2023-08-28,"Angus, Thongs and Perfect Snogging",2008,https://boxd.it/1RpO,3
2023-08-29,Theater Camp,2023,https://boxd.it/Bfbm,5
2023-08-31,The Commander,2023,https://boxd.it/DCWu,2
2023-08-31,The Order of Time,2023,https://boxd.it/D1NU,0.5
2023-09-01,El Conde,2023,https://boxd.it/Bt4O,4
2023-09-03,Ferrari,2023,https://boxd.it/cEtq,2
2023-09-03,The Wonderful Story of Henry Sugar,2023,https://boxd.it/yNyo,4
2023-09-05,The Promised Land,2023,https://boxd.it/B1hA,3.5
2023-09-05,Finally Dawn,2023,https://boxd.it/CjMe,3.5
2023-09-05,Adagio,2023,https://boxd.it/CE5U,2
2023-09-05,The Universal Theory,2023,https://boxd.it/z9fo,2.5
2023-09-06,Maestro,2023,https://boxd.it/j0DE,4.5
2023-09-06,Days of Heaven,1978,https://boxd.it/1JRg,3.5
2023-09-06,The Caine Mutiny Court-Martial,2023,https://boxd.it/CuzA,2.5
2023-09-07,Priscilla,2023,https://boxd.it/Cz3k,3.5
2023-09-07,The Killer,2023,https://boxd.it/u6WE,3.5
2023-09-07,Evil Does Not Exist,2023,https://boxd.it/HJrc,3.5
2023-09-07,Enea,2023,https://boxd.it/E2vO,2.5
2023-09-07,Hit Man,2023,https://boxd.it/ANB2,4
2023-09-07,Origin,2023,https://boxd.it/shJs,4.5
2023-09-09,Woman of...,2023,https://boxd.it/HJsk,3.5
2023-09-27,Shrek 2,2004,https://boxd.it/29z8,4
2023-09-27,Cars,2006,https://boxd.it/29ho,3
2023-09-27,Shrek,2001,https://boxd.it/29zi,3.5
2023-09-28,Cars on the Road,2022,https://boxd.it/DalA,2.5
2023-10-03,Bottoms,2023,https://boxd.it/uGf2,4
2023-10-04,You Hurt My Feelings,2023,https://boxd.it/xBXu,4
2023-10-08,Saltburn,2023,https://boxd.it/z4eg,4.5
2023-10-09,National Treasure,2004,https://boxd.it/27x0,3
2023-10-09,Rye Lane,2023,https://boxd.it/DIyy,3.5
2023-10-09,Mamma Mia! Here We Go Again,2018,https://boxd.it/gnfO,1.5
2023-10-09,I Am Groot: Are You My Groot?,2023,https://boxd.it/IxFe,2.5
2023-10-09,I Am Groot: Groot Noses Around,2023,https://boxd.it/IxGG,3.5
2023-10-09,I Am Groot: Groot's Snow Day,2023,https://boxd.it/IxGQ,3.5
2023-10-09,I Am Groot: Groot's Sweet Treat,2023,https://boxd.it/IxH0,3
2023-10-09,I Am Groot: Groot and the Great Prophecy,2023,https://boxd.it/IxHa,3
2023-10-09,The Swan,2023,https://boxd.it/Is80,4.5
2023-10-09,The Rat Catcher,2023,https://boxd.it/Is8a,3
2023-10-09,Poison,2023,https://boxd.it/Is7Q,4
2023-10-17,AGGRO DR1FT,2023,https://boxd.it/HJrw,3
2023-10-21,Once Upon a Studio,2023,https://boxd.it/H2gg,3.5
2023-10-22,Taylor Swift: The Eras Tour,2023,https://boxd.it/HTIi,4.5
2023-10-25,Ahsoka,2023,https://boxd.it/IhEE,3.5
2023-10-27,The Continental: From the World of John Wick,2023,https://boxd.it/IF3M,2
2023-10-30,Strange Way of Life,2023,https://boxd.it/Aomw,2.5
2023-10-30,To All the Boys I've Loved Before,2018,https://boxd.it/gHec,3.5
2023-10-30,To All the Boys: P.S. I Still Love You,2020,https://boxd.it/kJny,2
2023-10-30,To All the Boys: Always and Forever,2021,https://boxd.it/mI1A,1.5
2023-11-03,Scream 2,1997,https://boxd.it/24Es,3.5
2023-11-03,Anatomy of a Fall,2023,https://boxd.it/yuDE,4.5
2023-11-04,The Creator,2023,https://boxd.it/oXWq,3
2023-11-04,Killers of the Flower Moon,2023,https://boxd.it/gHp0,4
2023-11-05,Dream Scenario,2023,https://boxd.it/v2h0,4
2023-11-10,How to Have Sex,2023,https://boxd.it/EFIM,4
2023-11-10,Infinity Pool,2023,https://boxd.it/oPSK,3.5
2023-11-15,Loki,2021,https://boxd.it/sbHg,4.5
2023-11-15,The Marvels,2023,https://boxd.it/mwU4,3
2023-11-21,The Hunger Games,2012,https://boxd.it/2uds,4
2023-11-21,The Hunger Games: Catching Fire,2013,https://boxd.it/3sAw,4.5
2023-11-24,The Hunger Games: The Ballad of Songbirds & Snakes,2023,https://boxd.it/pZCY,4
2023-11-27,Napoleon,2023,https://boxd.it/shJM,2.5
2023-11-29,Willy Wonka & the Chocolate Factory,1971,https://boxd.it/2aLu,4
2023-12-02,Wish,2023,https://boxd.it/CFtS,2.5
2023-12-03,Renaissance: A Film by Beyoncé,2023,https://boxd.it/IYzi,5
2023-12-08,Next Goal Wins,2023,https://boxd.it/mZTu,2.5
2023-12-08,Scott Pilgrim Takes Off,2023,https://boxd.it/JLZk,4
2023-12-08,May December,2023,https://boxd.it/vEE2,5
2023-12-14,Eileen,2023,https://boxd.it/oJcS,3
2023-12-14,Godzilla Minus One,2023,https://boxd.it/zu4c,3
2023-12-17,"Are You There God? It's Me, Margaret.",2023,https://boxd.it/kiYC,4
2023-12-18,Peter Pan & Wendy,2023,https://boxd.it/eSi6,2
2023-12-18,Leave the World Behind,2023,https://boxd.it/re0i,1.5
2023-12-21,Wonka,2023,https://boxd.it/tCQm,4
2023-12-23,The Three Musketeers: Milady,2023,https://boxd.it/vSti,3
2023-12-23,The Night Before,2015,https://boxd.it/9n9W,2.5
2023-12-24,Magic Mike's Last Dance,2023,https://boxd.it/y9g0,1.5
2023-12-28,Fair Play,2023,https://boxd.it/yirc,3.5
2023-12-28,The Three Musketeers,2011,https://boxd.it/yXg,2
2023-12-28,Rustin,2023,https://boxd.it/xVRG,2.5
2023-12-28,How to Blow Up a Pipeline,2022,https://boxd.it/C69e,3.5
2023-12-29,Rotting in the Sun,2023,https://boxd.it/E37y,4
2023-12-29,Spy Kids,2001,https://boxd.it/1Xcw,3
2023-12-29,Spy Kids 2: The Island of Lost Dreams,2002,https://boxd.it/1Yyo,3
2023-12-29,Spy Kids 3-D: Game Over,2003,https://boxd.it/1S7w,2
2023-12-29,Spy Kids: All the Time in the World,2011,https://boxd.it/ptm,2
2023-12-31,Passages,2023,https://boxd.it/xX9c,3.5
2024-01-02,A Thousand and One,2023,https://boxd.it/wi60,3.5
2024-01-02,Star Wars,1977,https://boxd.it/72s,4.5
2024-01-02,The Boy and the Heron,2023,https://boxd.it/ipeM,4
2024-01-03,The Book of Boba Fett,2021,https://boxd.it/Damy,2
2024-01-05,Anyone But You,2023,https://boxd.it/EzA8,2.5
2024-01-11,Sexy Beast,2000,https://boxd.it/1SZS,4
2024-01-11,Black Adam,2022,https://boxd.it/fup0,1
2024-01-11,Barbarian,2022,https://boxd.it/yohi,3.5
2024-01-11,Juno,2007,https://boxd.it/210a,4
2024-01-11,Wayne's World,1992,https://boxd.it/1ZHG,3
2024-01-11,Aquaman and the Lost Kingdom,2023,https://boxd.it/l1LS,1.5
2024-01-19,Bad Times at the El Royale,2018,https://boxd.it/fSA2,3.5
2024-01-20,Mean Girls,2004,https://boxd.it/1VNg,4.5
2024-01-21,Mean Girls,2024,https://boxd.it/p6nO,3
2024-01-21,Echo,2024,https://boxd.it/KIjW,2
2024-01-25,American Fiction,2023,https://boxd.it/DYHm,3.5
2024-01-26,The Color Purple,2023,https://boxd.it/ksja,3.5
2024-02-07,The Holdovers,2023,https://boxd.it/vHza,5
2024-02-07,The End We Start From,2023,https://boxd.it/AMom,3
2024-02-08,All of Us Strangers,2023,https://boxd.it/Bz3C,3.5
2024-02-09,The Iron Claw,2023,https://boxd.it/w5Pm,4
2024-02-09,Rain Man,1988,https://boxd.it/2avw,1
2024-02-09,Argylle,2024,https://boxd.it/w1kk,1
2024-02-09,The Taste of Things,2023,https://boxd.it/Arke,4
2024-02-10,Poor Things,2023,https://boxd.it/tNWU,5
2024-02-11,The Zone of Interest,2023,https://boxd.it/gJsA,5
2024-02-16,Mysterious Skin,2004,https://boxd.it/1UsG,4
2024-02-17,But I'm a Cheerleader,1999,https://boxd.it/1CW4,4.5
2024-02-17,Orion and the Dark,2024,https://boxd.it/H2TW,3
2024-02-17,Madame Web,2024,https://boxd.it/nwD0,1
2024-02-24,Perfect Days,2023,https://boxd.it/ATh8,4
2024-02-24,Wicked Little Letters,2023,https://boxd.it/AQXU,3.5
2024-02-25,August 32nd on Earth,1998,https://boxd.it/hY2,3.5
2024-02-26,Maelström,2000,https://boxd.it/1caI,3
2024-02-27,Polytechnique,2009,https://boxd.it/1AMG,4
2024-02-27,Incendies,2010,https://boxd.it/Msm,4
2024-02-28,Enemy,2013,https://boxd.it/5xtO,3.5
2024-03-01,Prisoners,2013,https://boxd.it/4E5i,4
2024-03-02,Dune: Part Two,2024,https://boxd.it/pUfA,5
2024-03-03,Dicks: The Musical,2023,https://boxd.it/zslg,2.5
2024-03-03,Lisa Frankenstein,2024,https://boxd.it/ByjY,3
2024-03-10,NYAD,2023,https://boxd.it/xOSM,2
2024-03-16,Society of the Snow,2023,https://boxd.it/y9aw,4
2024-03-16,Past Lives,2023,https://boxd.it/oNB8,5
2024-03-16,Monster,2023,https://boxd.it/DJEM,4.5
2024-03-17,Drive-Away Dolls,2024,https://boxd.it/A8vi,2.5
2024-03-18,Immaculate,2024,https://boxd.it/Douw,2
2024-03-21,Neighbors,2014,https://boxd.it/5Txe,2
2024-03-21,Pixels,2015,https://boxd.it/7BaA,1
2024-03-29,Mothers' Instinct,2024,https://boxd.it/suzK,3.5
2024-04-05,Kung Fu Panda 4,2024,https://boxd.it/CepE,2.5
2024-04-07,Monkey Man,2024,https://boxd.it/kvsO,2.5
2024-04-08,Ghostbusters II,1989,https://boxd.it/261s,3
2024-04-08,Monster House,2006,https://boxd.it/1Z2e,3
2024-04-12,Ghostbusters: Frozen Empire,2024,https://boxd.it/AxYu,2
2024-04-19,Good Will Hunting,1997,https://boxd.it/2ahY,4
2024-04-26,The Prince of Egypt,1998,https://boxd.it/1XGQ,3.5
2024-04-30,La Chimera,2023,https://boxd.it/vzVi,4
2024-05-04,Challengers,2024,https://boxd.it/zld0,5
2024-05-05,The Fall Guy,2024,https://boxd.it/s0Bm,3.5
2024-05-10,Rise of the Planet of the Apes,2011,https://boxd.it/cS4,3
2024-05-11,X-Men,2000,https://boxd.it/1a7s,3.5
2024-05-12,Star Wars: The Force Awakens,2015,https://boxd.it/4vru,4
2024-05-12,The Equalizer 3,2023,https://boxd.it/yU54,1
2024-05-23,Mad Max,1979,https://boxd.it/1Y7i,3.5
2024-05-26,Dawn of the Planet of the Apes,2014,https://boxd.it/3XyQ,3.5
2024-05-26,War for the Planet of the Apes,2017,https://boxd.it/8FE2,3
2024-05-27,Kingdom of the Planet of the Apes,2024,https://boxd.it/ohEE,3.5
2024-05-28,Fantastic Four,2005,https://boxd.it/1XVw,3
2024-06-01,IF,2024,https://boxd.it/nJwG,2
2024-06-02,World War Z,2013,https://boxd.it/2p2E,2
2024-06-03,Mad Max 2,1981,https://boxd.it/1ZPg,3.5
2024-06-05,Mad Max Beyond Thunderdome,1985,https://boxd.it/1YTm,3.5
2024-06-06,Mad Max: Fury Road,2015,https://boxd.it/2DjO,5
2024-06-09,Furiosa: A Mad Max Saga,2024,https://boxd.it/tABk,3.5
2024-06-10,Fantastic Four: Rise of the Silver Surfer,2007,https://boxd.it/27Ii,3
2024-06-11,Love Lies Bleeding,2024,https://boxd.it/zN4q,4
2024-06-13,The Idea of You,2024,https://boxd.it/vOW6,1.5
2024-06-13,Am I OK?,2022,https://boxd.it/nPqY,3.5
2024-06-17,Daredevil,2003,https://boxd.it/1YzG,1
2024-06-20,Paris Is Burning,1990,https://boxd.it/1jzg,4.5
2024-06-22,Inside Out 2,2024,https://boxd.it/CFrC,4
2024-06-27,The Bikeriders,2023,https://boxd.it/C6Ym,3.5
2024-06-27,Alice in Wonderland,2010,https://boxd.it/1Spq,3
2024-06-28,Bao,2018,https://boxd.it/iEl4,4.5
2024-06-28,Geri's Game,1997,https://boxd.it/1P6U,3
2024-06-28,Lava,2014,https://boxd.it/8S9G,3.5
2024-06-28,For the Birds,2000,https://boxd.it/1P6K,3
2024-06-28,Jack-Jack Attack,2005,https://boxd.it/1P6q,3
2024-06-28,Day & Night,2010,https://boxd.it/11kM,3
2024-06-28,La luna,2011,https://boxd.it/2WbO,3
2024-06-28,Toy Story of Terror!,2013,https://boxd.it/6m2Y,3
2024-06-28,Mike's New Car,2002,https://boxd.it/1P6A,3
2024-06-28,Team Thor,2016,https://boxd.it/eznm,4
2024-06-28,The Blue Umbrella,2013,https://boxd.it/61Wm,3
2024-06-28,One Man Band,2005,https://boxd.it/1P6g,3
2024-06-28,Boundin',2003,https://boxd.it/1QVO,3
2024-06-28,BURN·E,2008,https://boxd.it/1QdM,3.5
2024-06-29,Swingers,2009,https://boxd.it/bnYu,3
2024-06-29,Dug's Special Mission,2009,https://boxd.it/1xnS,2.5
2024-06-29,Winter,1988,https://boxd.it/6gvg,3
2024-06-29,Marcel the Shell with Shoes On,2010,https://boxd.it/cOZw,3.5
2024-07-05,L'uomo risacca,2000,https://boxd.it/kqNW,3
2024-07-05,The Spider Within: A Spider-Verse Story,2023,https://boxd.it/FR76,3.5
2024-07-05,Shiva Baby,2018,https://boxd.it/ieIc,4
2024-07-05,Stranger by the Lake,2013,https://boxd.it/5Fji,4
2024-07-07,A Quiet Place: Day One,2024,https://boxd.it/sDAi,4
2024-07-07,Kinds of Kindness,2024,https://boxd.it/CWPw,4.5
2024-07-07,Fly Me to the Moon,2024,https://boxd.it/A7Xg,1.5
2024-07-07,The Mummy,1999,https://boxd.it/2a7a,3.5
2024-07-09,Dark Phoenix,2019,https://boxd.it/anyO,2
2024-07-25,Deadpool,2016,https://boxd.it/9fOC,3
2024-07-31,High School Musical,2006,https://boxd.it/1V0y,2.5
2024-08-02,The Devil Wears Prada,2006,https://boxd.it/2awE,4
2024-08-07,High School Musical 2,2007,https://boxd.it/1PIu,3
2024-08-15,The Sweet East,2023,https://boxd.it/CcHw,4
2024-08-17,The Outrun,2024,https://boxd.it/txPo,2.5
2024-08-18,Lilies Not for Me,2024,https://boxd.it/ObQ2,4.5
2024-08-18,Sing Sing,2023,https://boxd.it/HIBA,4
2024-08-19,A New Kind of Wilderness,2024,https://boxd.it/JSss,4
2024-08-19,My Favourite Cake,2024,https://boxd.it/KU6K,3.5
2024-08-19,All the Mountains Give,2024,https://boxd.it/OM08,2.5
2024-08-19,Between the Temples,2024,https://boxd.it/Gy1U,3.5
2024-08-27,Weekend,2011,https://boxd.it/2Kzu,4.5
2024-08-27,The Gay and Wondrous Life of Caleb Gallo,2016,https://boxd.it/npHY,4
2024-08-27,Anima,2019,https://boxd.it/mxuc,3.5
2024-08-27,Alien: Romulus,2024,https://boxd.it/zGqO,2.5
2024-08-28,Twister,1996,https://boxd.it/29S0,3.5
2024-08-28,Twisters,2024,https://boxd.it/qV7a,3.5
2024-08-28,Hannah Gadsby: Nanette,2018,https://boxd.it/jfyE,4
2024-08-28,Problemista,2023,https://boxd.it/waGO,3.5
2024-08-28,Hard Eight,1996,https://boxd.it/20DU,4
2024-09-01,HAIM / Valentine,2017,https://boxd.it/jwGA,4
2024-09-01,Ripley,2024,https://boxd.it/LT5S,4
2024-09-05,Boogie Nights,1997,https://boxd.it/23um,4.5
2024-09-08,Elektra,2005,https://boxd.it/1XsE,1
2024-09-08,Fantastic Four,2015,https://boxd.it/5a9c,1
2024-09-08,Beetlejuice,1988,https://boxd.it/24QI,3.5
2024-09-13,Beetlejuice Beetlejuice,2024,https://boxd.it/yyGs,3.5
2024-09-13,Crazy Rich Asians,2018,https://boxd.it/gfnK,4
2024-09-16,Spider-Man: Far From Home,2019,https://boxd.it/fegG,4
2024-09-17,I Used to Be Funny,2023,https://boxd.it/yzvU,3
2024-09-18,Blade,1998,https://boxd.it/1a8A,3
2024-09-19,Straight Up,2019,https://boxd.it/mhGQ,3.5
2024-09-20,Black Is King,2020,https://boxd.it/qXu6,3.5
2024-09-20,Transformers One,2024,https://boxd.it/q7bc,2.5
2024-09-22,The Last Dinner Party: Prelude to Ecstasy,2024,https://boxd.it/Qr7m,3.5
2024-09-22,Harry Potter and the Chamber of Secrets,2002,https://boxd.it/29QI,3
2024-09-26,Jurassic Park,1993,https://boxd.it/2aA2,5
2024-09-27,Shirley,2024,https://boxd.it/u3wI,2.5
2024-10-01,Harry Potter and the Prisoner of Azkaban,2004,https://boxd.it/29Qy,4
2024-10-02,His Three Daughters,2023,https://boxd.it/HGx2,4
2024-10-06,Megalopolis,2024,https://boxd.it/lPBS,2
2024-10-07,Wolfs,2024,https://boxd.it/x6zG,3
2024-10-07,Will & Harper,2024,https://boxd.it/K5eo,4
2024-10-07,Werewolf by Night,2022,https://boxd.it/xMrO,3
2024-10-07,Harry Potter and the Order of the Phoenix,2007,https://boxd.it/29Qe,3.5
2024-10-07,Harry Potter and the Half-Blood Prince,2009,https://boxd.it/29FU,4.5
2024-10-08,The Greatest Hits,2024,https://boxd.it/CdIg,4
2024-10-10,Babes,2024,https://boxd.it/BMCU,3
2024-10-10,The Bourne Identity,2002,https://boxd.it/26EO,3.5
2024-10-10,The Bourne Ultimatum,2007,https://boxd.it/26Eu,3.5
2024-10-10,The Bourne Supremacy,2004,https://boxd.it/26EE,3.5
2024-10-13,The Rocky Horror Picture Show,1975,https://boxd.it/1a3q,4.5
2024-10-13,It's What's Inside,2024,https://boxd.it/DOV4,4.5
2024-10-16,Lee,2023,https://boxd.it/vpTG,3
2024-10-17,Suspiria,1977,https://boxd.it/1SNW,3
2024-10-21,The Apprentice,2024,https://boxd.it/IPqG,4
2024-10-21,Woman of the Hour,2023,https://boxd.it/vuz2,3.5
2024-10-21,Wizards of Waverly Place: The Movie,2009,https://boxd.it/1thQ,3.5
2024-10-22,The Wizards Return: Alex vs. Alex,2013,https://boxd.it/5sWc,2
2024-10-22,Joker: Folie à Deux,2024,https://boxd.it/xBoE,1
2024-10-22,The Wild Robot,2024,https://boxd.it/IWFy,4.5
2024-10-22,When Harry Met Sally...,1989,https://boxd.it/29W2,4.5
2024-10-22,Star Wars: The Last Jedi,2017,https://boxd.it/5xme,4.5
2024-10-29,The Substance,2024,https://boxd.it/zanS,3.5
2024-10-31,Scream,1996,https://boxd.it/24EC,5
2024-10-31,Olivia Rodrigo: GUTS World Tour,2024,https://boxd.it/QyZK,3
2024-11-05,Agatha All Along,2024,https://boxd.it/Q5dC,4
2024-11-07,Anora,2024,https://boxd.it/Egcw,4.5
2024-11-07,Step Brothers,2008,https://boxd.it/1SsE,3
2024-11-07,Black Panther: Wakanda Forever,2022,https://boxd.it/igPu,4
2024-11-12,Piece By Piece,2024,https://boxd.it/KYFO,2
2024-11-13,Venom: The Last Dance,2024,https://boxd.it/ynqo,1
2024-11-13,Red One,2024,https://boxd.it/vTBM,1
2024-11-14,Conclave,2024,https://boxd.it/AO8q,4
2024-11-19,Magnolia,1999,https://boxd.it/2aze,4
2024-11-19,Gladiator,2000,https://boxd.it/2b9m,3
2024-11-19,Gladiator II,2024,https://boxd.it/kqQQ,3
2024-11-20,The Penguin,2024,https://boxd.it/QkIU,4.5
2024-11-20,Dazed and Confused,1993,https://boxd.it/1Ylk,4
2024-11-22,The Wizard of Oz,1939,https://boxd.it/29Xu,4
2024-11-23,Emilia Pérez,2024,https://boxd.it/AP3G,2.5
2024-11-26,Deadpool & Wolverine,2024,https://boxd.it/jq8s,3.5
2024-11-28,How to Train Your Dragon 2,2014,https://boxd.it/2TRW,3.5
2024-12-01,Moana 2,2024,https://boxd.it/LcjW,2
2024-12-03,Disclaimer,2024,https://boxd.it/PDv4,3.5
2024-12-03,We Live in Time,2024,https://boxd.it/FC5u,4
2024-12-07,A Nonsense Christmas with Sabrina Carpenter,2024,https://boxd.it/QkR8,4
2024-12-09,That Christmas,2024,https://boxd.it/nYLG,2
2024-12-09,Bridget Jones's Diary,2001,https://boxd.it/29WQ,3.5
2024-12-09,"Good Luck Charlie, It's Christmas!",2011,https://boxd.it/2QAy,2.5
2024-12-10,Nativity!,2009,https://boxd.it/FRa,3.5
2024-12-13,Call Me by Your Name,2017,https://boxd.it/dYmm,5
2024-12-15,All We Imagine as Light,2024,https://boxd.it/yXaQ,4
2024-12-16,Dream Productions,2024,https://boxd.it/RTVw,3.5
2024-12-18,Hoodwinked!,2005,https://boxd.it/1UVS,3
2024-12-20,The Holiday,2006,https://boxd.it/28ye,4.5
2024-12-22,Queer,2024,https://boxd.it/E4RW,4.5
2024-12-23,The Lord of the Rings: The War of the Rohirrim,2024,https://boxd.it/vDNs,1.5
2024-12-23,Maria,2024,https://boxd.it/Dh4c,3
2024-12-27,The Princess Diaries,2001,https://boxd.it/1XCO,3.5
2024-12-29,The Princess Diaries 2: Royal Engagement,2004,https://boxd.it/1UyY,2.5
2024-12-30,Thelma,2024,https://boxd.it/DOou,3.5
2025-01-03,I Saw the TV Glow,2024,https://boxd.it/woVe,4
2025-01-04,Nosferatu,2024,https://boxd.it/f5eG,3.5
2025-01-05,Snack Shack,2024,https://boxd.it/DeKu,4
2025-01-05,Beyoncé Bowl,2024,https://boxd.it/Sa0W,4
2025-01-05,Dìdi (弟弟),2024,https://boxd.it/HQOW,4
2025-01-05,National Anthem,2023,https://boxd.it/EWDE,4
2025-01-06,Pretty in Pink,1986,https://boxd.it/1TEw,2.5
2025-01-06,My Old Ass,2024,https://boxd.it/zLP0,3.5
2025-01-11,Babygirl,2024,https://boxd.it/Fvai,3.5
2025-01-13,A Real Pain,2024,https://boxd.it/CjNG,4.5
2025-01-15,Here,2024,https://boxd.it/zscS,1.5
2025-01-16,Mufasa: The Lion King,2024,https://boxd.it/sE9C,1.5
2025-01-18,An Evening with Dua Lipa,2024,https://boxd.it/RhDY,3.5
2025-01-21,A Complete Unknown,2024,https://boxd.it/oBYa,3
2025-01-25,Dating Amber,2020,https://boxd.it/nApw,3.5
2025-01-26,Bridget Jones: The Edge of Reason,2004,https://boxd.it/1XMa,2.5
2025-01-26,Bridget Jones's Baby,2016,https://boxd.it/3jQU,2.5
2025-01-27,A Grand Day Out,1989,https://boxd.it/2acu,4
2025-01-27,The Wrong Trousers,1993,https://boxd.it/2ack,4
2025-01-28,A Close Shave,1995,https://boxd.it/2aca,4
2025-01-28,Sonic the Hedgehog 3,2024,https://boxd.it/zq0U,2.5
2025-02-03,Nickel Boys,2024,https://boxd.it/CStQ,4
2025-02-03,The Brutalist,2024,https://boxd.it/k4BO,4.5
2025-02-03,Saturday Night,2024,https://boxd.it/Gpfo,4
2025-02-04,September 5,2024,https://boxd.it/JYsI,2.5
2025-02-08,The Bad Guys: Little Lies and Alibis,2025,https://boxd.it/Ssyi,2.5
2025-02-08,Dog Man,2025,https://boxd.it/t6Iq,3
2025-02-10,The Seed of the Sacred Fig,2024,https://boxd.it/MKo4,4
2025-02-11,The Last Showgirl,2024,https://boxd.it/KWtm,3.5
2025-02-15,Captain America: Brave New World,2025,https://boxd.it/uYDm,1.5
2025-02-19,Lady Gaga & the Muppets Holiday Spectacular,2013,https://boxd.it/73MA,3
2025-02-21,Wallace & Gromit: The Curse of the Were-Rabbit,2005,https://boxd.it/2ac0,4
2025-02-26,A Matter of Loaf and Death,2008,https://boxd.it/1O4S,3.5
2025-02-26,I'm Still Here,2024,https://boxd.it/BPEO,4.5
2025-02-27,Wallace & Gromit: Vengeance Most Fowl,2024,https://boxd.it/z14C,4
2025-02-28,Kneecap,2024,https://boxd.it/ILxI,3.5
2025-03-02,Shithouse,2020,https://boxd.it/nCFc,4
2025-03-09,Twiggy,2024,https://boxd.it/DHBw,2.5
2025-03-09,One of Them Days,2025,https://boxd.it/MReU,3.5
2025-03-09,Companion,2025,https://boxd.it/F04o,2.5
2025-03-09,You're Cordially Invited,2025,https://boxd.it/BFKW,1.5
2025-03-11,Mickey 17,2025,https://boxd.it/q1Dk,3.5
2025-03-15,Opus,2025,https://boxd.it/JBMA,2.5
2025-03-15,Her,2013,https://boxd.it/4O24,4.5
2025-03-16,Black Bag,2025,https://boxd.it/KRbM,4
2025-03-16,Novocaine,2025,https://boxd.it/JmdA,2.5
2025-03-19,The Electric State,2025,https://boxd.it/tev0,1
2025-03-19,Win or Lose,2025,https://boxd.it/T9DK,4
2025-03-20,Theater Camp,2020,https://boxd.it/r7Xs,3.5
2025-03-21,The Snowman,1982,https://boxd.it/1Qgm,4
2025-03-21,Planet 51,2009,https://boxd.it/1JA0,2
2025-03-21,Planes,2013,https://boxd.it/4Na2,2
2025-03-21,Rudolph the Red-Nosed Reindeer,1964,https://boxd.it/1Qis,4
2025-03-21,Epic,2013,https://boxd.it/3SNm,2
2025-03-29,Snow White,2025,https://boxd.it/fVuc,1.5
2025-03-31,Flow,2024,https://boxd.it/v1Ei,4
2025-03-31,La Cocina,2024,https://boxd.it/Aula,3.5
2025-03-31,Brighter Days Ahead,2025,https://boxd.it/Tyru,2.5
2025-03-31,Miss Congeniality,2000,https://boxd.it/28GM,3
2025-04-05,Death of a Unicorn,2025,https://boxd.it/HCPm,2.5
2025-04-08,A Minecraft Movie,2025,https://boxd.it/zRro,1.5
2025-04-09,Y2K,2024,https://boxd.it/FnHI,1.5
2025-04-12,Drop,2025,https://boxd.it/LyPq,3
2025-04-12,The Amateur,2025,https://boxd.it/F9NW,2
2025-04-13,Charlie's Angels,2000,https://boxd.it/24v6,2.5
2025-04-13,Charlie's Angels: Full Throttle,2003,https://boxd.it/1YB8,3
2025-04-20,Sinners,2025,https://boxd.it/KQMM,4.5
2025-04-20,Warfare,2025,https://boxd.it/LbRo,4.5
2025-04-22,Paddington in Peru,2024,https://boxd.it/iJve,2.5
2025-04-25,The Accountant,2016,https://boxd.it/9EhI,2
2025-04-25,The Accountant²,2025,https://boxd.it/wOm0,3
2025-05-06,A Simple Favor,2018,https://boxd.it/hq92,2
2025-05-07,Another Simple Favor,2025,https://boxd.it/AO6k,1.5
2025-05-08,Ex Machina,2015,https://boxd.it/7T2k,3.5
2025-05-10,The Wedding Banquet,2025,https://boxd.it/MMxC,3
2025-05-10,Sharpay's Fabulous Adventure,2011,https://boxd.it/g6I,1.5
2025-05-16,Civil War,2024,https://boxd.it/z1jW,4
2025-05-17,Rogue One: A Star Wars Story,2016,https://boxd.it/aPvy,4
2025-05-17,Hurry Up Tomorrow,2025,https://boxd.it/FlAU,2
2025-05-21,Mission: Impossible II,2000,https://boxd.it/29cS,2
2025-05-21,Lilo & Stitch,2002,https://boxd.it/1TAY,4.5
2025-05-21,Lilo & Stitch,2025,https://boxd.it/kbUe,2
2025-05-23,Mission: Impossible III,2006,https://boxd.it/29cI,3.5
2025-05-25,Mission: Impossible – Dead Reckoning,2023,https://boxd.it/l7zS,3.5
2025-05-25,The Phoenician Scheme,2025,https://boxd.it/H0Ca,4
2025-05-26,Mission: Impossible – The Final Reckoning,2025,https://boxd.it/l7A2,2.5
2025-05-26,Fountain of Youth,2025,https://boxd.it/Fwx8,1
2025-05-29,The Karate Kid,2010,https://boxd.it/15HA,3
2025-06-05,The Karate Kid,1984,https://boxd.it/27Wk,3.5
2025-06-05,Karate Kid: Legends,2025,https://boxd.it/CeNc,1
2025-06-06,Caravaggio,1986,https://boxd.it/1DjC,3
2025-06-07,Ballerina,2025,https://boxd.it/jKqG,3
2025-06-11,How to Train Your Dragon,2025,https://boxd.it/F7Je,3
2025-06-13,The Salt Path,2024,https://boxd.it/GDnm,3
2025-06-13,How to Train Your Dragon,2010,https://boxd.it/1WRy,4
2025-06-15,Pride,2014,https://boxd.it/6TwM,4
2025-06-15,28 Days Later,2002,https://boxd.it/2aXU,3.5
2025-06-15,God's Own Country,2017,https://boxd.it/faZM,4
2025-06-17,Before Sunrise,1995,https://boxd.it/2bcU,4.5
2025-06-17,The Man with the Answers,2021,https://boxd.it/tEvK,4
2025-06-19,28 Weeks Later,2007,https://boxd.it/28Bi,3
2025-06-20,Maurice,1987,https://boxd.it/1tZy,4.5
2025-06-23,28 Years Later,2025,https://boxd.it/FEGM,4
2025-06-23,Elio,2025,https://boxd.it/CFr8,4.5
2025-06-23,Mountainhead,2025,https://boxd.it/Sskq,1.5
2025-06-23,Xanadu,1980,https://boxd.it/1LMs,3.5
2025-06-25,How to Train Your Dragon: The Hidden World,2019,https://boxd.it/5a9w,3.5
2025-06-26,F1,2025,https://boxd.it/yjVM,3
2025-06-29,The Lost World: Jurassic Park,1997,https://boxd.it/2azS,3.5
2025-06-29,Superman II,1980,https://boxd.it/204q,3
2025-06-29,M3GAN 2.0,2025,https://boxd.it/EwHU,3
2025-07-01,Jurassic Park III,2001,https://boxd.it/2azI,2.5
2025-07-01,Jurassic World,2015,https://boxd.it/4n0g,2.5
2025-07-02,Jurassic World Dominion,2022,https://boxd.it/ikXW,2
2025-07-03,KPop Demon Hunters,2025,https://boxd.it/ufwK,3.5
2025-07-03,Jurassic World Rebirth,2025,https://boxd.it/KUeE,2
2025-07-04,Superman III,1983,https://boxd.it/1YrM,1.5
2025-07-05,Superman IV: The Quest for Peace,1987,https://boxd.it/1TUk,1
2025-07-05,Superman Returns,2006,https://boxd.it/28J2,2.5
2025-07-07,Superman,1978,https://boxd.it/27Qm,3
2025-07-10,Supergirl,1984,https://boxd.it/1Y8A,1
2025-07-10,Superman II: The Richard Donner Cut,2006,https://boxd.it/n7Vy,3
2025-07-13,Super/Man: The Christopher Reeve Story,2024,https://boxd.it/GFuE,4
2025-07-13,Superman,2025,https://boxd.it/E9IU,3.5
2025-07-16,Ironheart,2025,https://boxd.it/VSvA,3.5
2025-07-21,Before Sunset,2004,https://boxd.it/2bcg,4.5
2025-07-22,Gilda,1946,https://boxd.it/251G,4.5
2025-07-23,The Bad Guys,2022,https://boxd.it/nkg4,3
2025-07-24,Barbie,2023,https://boxd.it/bCLK,4.5
2025-07-24,Jojo Rabbit,2019,https://boxd.it/iEBG,4.5
2025-07-25,Friendship,2024,https://boxd.it/L6Dc,3.5
2025-07-25,The Fantastic Four,1994,https://boxd.it/1B70,1.5
2025-07-25,The Fantastic 4: First Steps,2025,https://boxd.it/mP6C,3.5
2025-07-26,Freaky Friday,2003,https://boxd.it/1WwK,3.5
2025-07-26,The Naked Gun: From the Files of Police Squad!,1988,https://boxd.it/18YE,3.5
2025-07-28,The Bad Guys 2,2025,https://boxd.it/IAI6,3.5
2025-08-03,The Naked Gun 2½: The Smell of Fear,1991,https://boxd.it/18Yu,3
2025-08-03,Naked Gun 33⅓: The Final Insult,1994,https://boxd.it/1afQ,2.5
2025-08-03,The Naked Gun,2025,https://boxd.it/Da9k,3.5
2025-08-03,Children of Men,2006,https://boxd.it/1Y2i,4
2025-08-09,Freakier Friday,2025,https://boxd.it/GxwW,3
2025-08-10,Eyes of Wakanda,2025,https://boxd.it/WGD0,3.5
2025-08-13,Materialists,2025,https://boxd.it/GZlW,4.5
2025-08-14,The Life of Chuck,2024,https://boxd.it/vMTu,2.5
2025-08-16,Princess Mononoke,1997,https://boxd.it/2b4w,4.5
2025-08-17,"Sorry, Baby",2025,https://boxd.it/JKNi,4.5
2025-08-17,Bulk,2025,https://boxd.it/URg8,2.5
2025-08-18,In Transit,2025,https://boxd.it/KiFM,2
2025-08-19,Blue Film,2025,https://boxd.it/ROaq,4.5
2025-08-20,Concessions,2025,https://boxd.it/QdOG,3.5
2025-08-20,Two Neighbors,2025,https://boxd.it/JDIg,3.5
2025-08-20,Misper,2025,https://boxd.it/R8UG,3.5
2025-08-21,Inception,2010,https://boxd.it/1skk,4.5
2025-08-22,On the Sea,2025,https://boxd.it/W44m,2.5
2025-08-22,Put Your Soul on Your Hand and Walk,2025,https://boxd.it/UkDe,4
2025-08-22,Eddington,2025,https://boxd.it/o6MC,4
2025-08-25,The Dark Knight Rises,2012,https://boxd.it/H3m,4
2025-08-28,Miley Cyrus: Something Beautiful,2025,https://boxd.it/RBiG,3
2025-09-01,Caught Stealing,2025,https://boxd.it/LnyS,4
2025-09-01,The Roses,2025,https://boxd.it/MjnI,3.5
2025-09-02,Jaws,1975,https://boxd.it/2a5e,4.5
2025-09-05,Honey Don't!,2025,https://boxd.it/Hurc,2
2025-09-09,The Long Walk,2025,https://boxd.it/mic8,4
2025-09-09,Ant-Man and the Wasp,2018,https://boxd.it/cqUW,2.5
2025-09-09,Ralph Breaks the Internet,2018,https://boxd.it/edAy,2.5
2025-09-09,A Quiet Place,2018,https://boxd.it/fVJQ,4
2025-09-21,A Big Bold Beautiful Journey,2025,https://boxd.it/Lcle,2
2025-09-21,Prince: Sign 'o' the Times,1987,https://boxd.it/16AA,4.5
2025-09-26,Krypto Saves the Day!: School Bus Scuffle,2025,https://boxd.it/WVyY,3
2025-09-28,I Swear,2025,https://boxd.it/Og8k,4
2025-09-28,Punch-Drunk Love,2002,https://boxd.it/20E4,3.5
2025-09-29,There Will Be Blood,2007,https://boxd.it/20Z2,5
2025-10-01,One Battle After Another,2025,https://boxd.it/DUHM,5
2025-10-06,The Master,2012,https://boxd.it/2cBG,4.5
2025-10-07,Marvel Zombies,2025,https://boxd.it/XoiA,4
2025-10-07,Romería,2025,https://boxd.it/IR3k,4
2025-10-07,Inherent Vice,2014,https://boxd.it/5hla,3
2025-10-07,Phantom Thread,2017,https://boxd.it/e4uc,4.5
2025-10-07,Nosferatu,1922,https://boxd.it/29TM,3
2025-10-07,Licorice Pizza,2021,https://boxd.it/qTKY,4.5
2025-10-07,The Smashing Machine,2025,https://boxd.it/syUC,3
2025-10-09,Wake Up Dead Man,2025,https://boxd.it/uAKS,4.5
2025-10-09,Moss & Freud,2025,https://boxd.it/F5ws,2
2025-10-09,Father Mother Sister Brother,2025,https://boxd.it/HRoU,4
2025-10-11,Ballad of a Small Player,2025,https://boxd.it/MuZ4,2.5
2025-10-13,The Voice of Hind Rajab,2025,https://boxd.it/UXdO,5
2025-10-13,Resurrection,2025,https://boxd.it/x9DG,4.5
2025-10-14,Plainclothes,2025,https://boxd.it/LP4Q,4.5
2025-10-14,Bridget Jones: Mad About the Boy,2025,https://boxd.it/Mu9s,4.5
2025-10-14,My Father's Shadow,2025,https://boxd.it/T1a6,3.5
2025-10-14,Miroirs No. 3,2025,https://boxd.it/IH3Y,3
2025-10-14,The Penguin Lessons,2024,https://boxd.it/F6xQ,2.5
2025-10-15,Bugonia,2025,https://boxd.it/qeWY,4.5
2025-10-15,Jay Kelly,2025,https://boxd.it/EsWw,3
2025-10-16,The Testament of Ann Lee,2025,https://boxd.it/RTTU,4
2025-10-19,It Was Just an Accident,2025,https://boxd.it/TX2k,4
2025-10-19,Sound of Falling,2025,https://boxd.it/Km9K,3
2025-10-20,After the Hunt,2025,https://boxd.it/Mdra,3.5
2025-10-23,Hamnet,2025,https://boxd.it/woVy,4.5
2025-10-23,Hedda,2025,https://boxd.it/BGME,3.5
2025-10-23,Sentimental Value,2025,https://boxd.it/GwcG,4.5
2025-10-23,Sirāt,2025,https://boxd.it/HxJo,4
2025-10-23,Roofman,2025,https://boxd.it/LcIW,3.5
2025-10-23,The Stranger,2025,https://boxd.it/STpW,2
2025-10-23,Blue Heron,2025,https://boxd.it/IWJq,4.5
2025-10-24,TRON: Ares,2025,https://boxd.it/jqdM,2
2025-10-25,Good Fortune,2025,https://boxd.it/GavG,2.5
2025-10-25,Wasteman,2025,https://boxd.it/NTi2,4
2025-10-25,Nouvelle Vague,2025,https://boxd.it/LLLQ,4
2025-10-25,The Mastermind,2025,https://boxd.it/Q7ge,3
2025-10-25,Springsteen: Deliver Me from Nowhere,2025,https://boxd.it/KJG8,3
2025-10-25,La Grazia,2025,https://boxd.it/RLHm,3
2025-10-25,100 Nights of Hero,2025,https://boxd.it/QbtG,2.5
2025-10-25,Pillion,2025,https://boxd.it/N6Pw,4
2025-10-25,Black Girl,1966,https://boxd.it/3jIQ,4.5
2025-10-26,Regretting You,2025,https://boxd.it/OGKY,2.5
2025-10-27,Blue Moon,2025,https://boxd.it/Nzwy,4.5
2025-11-02,Spotlight,2015,https://boxd.it/a84k,4
2025-11-10,Wicked: One Wonderful Night,2025,https://boxd.it/UV5o,4
2025-11-10,Now You See Me 2,2016,https://boxd.it/99fw,2
2025-11-10,Frankenstein,2025,https://boxd.it/Ecsg,3
2025-11-15,Spider-Man: No Way Home,2021,https://boxd.it/nwRw,4
2025-11-18,Pirates of the Caribbean: The Curse of the Black Pearl,2003,https://boxd.it/70G,4.5
2025-11-18,West Side Story,1961,https://boxd.it/28dK,4
2025-11-18,Pirates of the Caribbean: Dead Man's Chest,2006,https://boxd.it/2bfk,4
2025-11-18,Now You See Me: Now You Don't,2025,https://boxd.it/f3i2,3
2025-11-18,Die My Love,2025,https://boxd.it/D5cI,4
2025-11-19,The Running Man,2025,https://boxd.it/u36A,3
2025-11-20,Pirates of the Caribbean: At World's End,2007,https://boxd.it/2aGu,3.5
2025-11-20,Wicked,2024,https://boxd.it/e8ME,4
2025-11-20,A Very Jonas Christmas Movie,2025,https://boxd.it/SJ3c,2
2025-11-23,The Bend in the River,2025,https://boxd.it/X4vu,4.5
2025-11-24,Stiller & Meara: Nothing Is Lost,2025,https://boxd.it/Wtdy,4
2025-11-27,King Hamlet,2025,https://boxd.it/XfUA,3.5
2025-11-27,Behind the Curtain: Stranger Things: The First Shadow,2025,https://boxd.it/TUY6,3
2025-11-29,Heat,1995,https://boxd.it/2bg8,3
2025-11-30,Desperate Journey,2025,https://boxd.it/N2q8,2
2025-11-30,Zootopia 2,2025,https://boxd.it/F0vO,3.5
2025-12-01,Wicked: For Good,2025,https://boxd.it/AyfK,2.5
2025-12-02,Eternity,2025,https://boxd.it/LYtK,3.5
2025-12-04,The Muppets,2011,https://boxd.it/1zg,3.5
2025-12-04,Love Actually,2003,https://boxd.it/2aeU,3
2025-12-05,Eagles of the Republic,2025,https://boxd.it/KkUk,3
2025-12-06,Thunderbolts*,2025,https://boxd.it/BfbQ,3.5
2025-12-07,Kill Bill: The Whole Bloody Affair,2004,https://boxd.it/eCrQ,5
2025-12-07,Kill Bill: Vol. 1,2003,https://boxd.it/70w,5
2025-12-07,Kill Bill: Vol. 2,2004,https://boxd.it/2au4,4.5
2025-12-08,The Lost Chapter: Yuki's Revenge,2025,https://boxd.it/ZbLe,1
2025-12-08,Titanic,1997,https://boxd.it/2a2k,5
2025-12-09,Sunset Boulevard,1950,https://boxd.it/2a20,4.5
2025-12-12,Train Dreams,2025,https://boxd.it/LdDo,4
2025-12-12,Rental Family,2025,https://boxd.it/JQOw,3
2025-12-15,Ella McCay,2025,https://boxd.it/JLtS,2
2025-12-17,Lurker,2025,https://boxd.it/McHG,4
2025-12-18,Twinless,2025,https://boxd.it/LkKc,4
2025-12-19,How the Grinch Stole Christmas,2000,https://boxd.it/1ZHQ,3.5
2025-12-20,"Oh, Hi!",2025,https://boxd.it/PLns,3.5
2025-12-21,Chicago,2002,https://boxd.it/28zm,4.5
2025-12-25,Freaky Tales,2024,https://boxd.it/B0MC,3.5
2025-12-25,Avatar: Fire and Ash,2025,https://boxd.it/2W7s,4
2025-12-25,The Love That Remains,2025,https://boxd.it/LWuG,4
2025-12-27,The Mask,1994,https://boxd.it/29rS,3
2025-12-29,The Greatest Showman,2017,https://boxd.it/acjI,2
2025-12-29,Harry Potter and the Deathly Hallows: Part 1,2010,https://boxd.it/1RYu,3
2025-12-29,Harry Potter and the Deathly Hallows: Part 2,2011,https://boxd.it/1RYk,4
2025-12-29,Marty Supreme,2025,https://boxd.it/Off0,5
2026-01-01,JADE: THAT’S SHOWBIZ BABY! The Visual Album,2025,https://boxd.it/XESk,3.5
2026-01-01,Pixar Popcorn: To Fitness and Beyond,2021,https://boxd.it/tD1E,2
2026-01-01,Pixar Popcorn: Unparalleled Parking,2021,https://boxd.it/HB9E,2
2026-01-01,Pixar Popcorn: Dory Finding,2021,https://boxd.it/tCYA,2
2026-01-01,Pixar Popcorn: Soul of the City,2021,https://boxd.it/tCZ4,3.5
2026-01-01,Pixar Popcorn: Chore Day - The Incredibles Way,2021,https://boxd.it/tCYg,3
2026-01-01,Pixar Popcorn: Fluffy Stuff with Ducky & Bunny: Love,2021,https://boxd.it/tFAm,3
2026-01-01,Pixar Popcorn: A Day in the Life of the Dead,2021,https://boxd.it/tD1Y,2
2026-01-01,Pixar Popcorn: Fluffy Stuff with Ducky & Bunny: Three Heads,2021,https://boxd.it/tD1a,3.5
2026-01-01,Pixar Popcorn: Dancing with the Cars,2021,https://boxd.it/HB7I,2
2026-01-01,Pixar Popcorn: Cookie Num Num,2021,https://boxd.it/tCZe,3.5
2026-01-03,Stranger Things 5: The Finale,2025,https://boxd.it/YqXW,4
2026-01-08,The History of Sound,2025,https://boxd.it/xFY2,3.5
2026-01-12,Song Sung Blue,2025,https://boxd.it/QMqO,3
2026-01-17,Tropic Thunder,2008,https://boxd.it/20WM,4
2026-01-17,Bridesmaids,2011,https://boxd.it/rac,4
2026-01-17,Is This Thing On?,2025,https://boxd.it/H73Q,4.5
2026-01-20,The Secret Agent,2025,https://boxd.it/KkUE,4.5
2026-01-26,Lost Highway,1997,https://boxd.it/29Wc,4
2026-01-26,28 Years Later: The Bone Temple,2026,https://boxd.it/MwlA,3.5
2026-01-26,Frozen Fever,2015,https://boxd.it/aE2A,2
2026-01-26,The Umbrellas of Cherbourg,1964,https://boxd.it/22fK,4
2026-01-26,No Other Choice,2025,https://boxd.it/nKiA,4.5
2026-01-30,Blue Velvet,1986,https://boxd.it/29BI,4
2026-02-02,Two Sleepy People,2025,https://boxd.it/U1qq,3
2026-02-05,The Muppet Show,2026,https://boxd.it/XGno,3
2026-02-06,Wonder Man,2026,https://boxd.it/10jdQ,4
2026-02-07,Send Help,2026,https://boxd.it/JuhA,3
2026-02-10,Ocean's Eleven,2001,https://boxd.it/2aZm,3.5
2026-02-11,How to Lose a Guy in 10 Days,2003,https://boxd.it/1XwG,3.5
2026-02-11,13 Going on 30,2004,https://boxd.it/1X6e,3
2026-02-14,Wuthering Heights,1939,https://boxd.it/25Mi,3.5
2026-02-14,Wuthering Heights,1970,https://boxd.it/3otQ,2
2026-02-14,Wuthering Heights,1992,https://boxd.it/1wpe,2
2026-02-14,One Last Adventure: The Making of Stranger Things 5,2026,https://boxd.it/10310,3.5
2026-02-14,Frances Ha,2012,https://boxd.it/41Xg,5
2026-02-16,Crime 101,2026,https://boxd.it/IoGs,4
2026-02-16,GOAT,2026,https://boxd.it/NvB0,3.5
2026-02-16,Wuthering Heights,2026,https://boxd.it/OdIa,3
2026-02-19,Wuthering Heights,2009,https://boxd.it/1afc,2
2026-02-19,Portrait of a Lady on Fire,2019,https://boxd.it/jkPq,4.5
2026-02-19,Breathless,1960,https://boxd.it/2aIK,3.5
2026-02-26,Mulholland Drive,2001,https://boxd.it/297o,4
2026-02-26,Apocalypse Now,1979,https://boxd.it/6ZS,4.5
2026-02-27,The Moment,2026,https://boxd.it/SCkg,4
2026-02-27,"Good Luck, Have Fun, Don't Die",2025,https://boxd.it/Glua,2
2026-03-03,Wuthering Heights,2011,https://boxd.it/1YRU,3
2026-03-05,Dr. Strangelove or: How I Learned to Stop Worrying and Love the Bomb,1964,https://boxd.it/29eY,4.5
2026-03-09,Hoppers,2026,https://boxd.it/OFpg,3.5
2026-03-10,How to Make a Killing,2026,https://boxd.it/gLi8,2
2026-03-10,Two Prosecutors,2025,https://boxd.it/LTvG,2
2026-03-10,Frankenstein,1931,https://boxd.it/25Te,3.5
2026-03-10,Zero Dark Thirty,2012,https://boxd.it/3n1w,4.5
2026-03-10,The Bride!,2026,https://boxd.it/HSw6,2
2026-03-13,Peaky Blinders: The Immortal Man,2026,https://boxd.it/x3yq,2
2026-03-13,Charli XCX: Alone Together,2021,https://boxd.it/tW2w,3
2026-03-14,Reminders of Him,2026,https://boxd.it/QEnW,2
2026-03-18,Bride of Frankenstein,1935,https://boxd.it/2aPc,4.5
2026-03-19,Arco,2025,https://boxd.it/uh7C,4
2026-03-19,Little Amélie or the Character of Rain,2025,https://boxd.it/prg0,3.5
2026-03-19,If I Had Legs I'd Kick You,2025,https://boxd.it/HUtS,4
2026-03-20,The Red Shoes,1948,https://boxd.it/1EXI,5
2026-03-27,Weapons,2025,https://boxd.it/EMTM,3.5
2026-03-27,Casablanca,1942,https://boxd.it/2aG0,4.5
2026-03-27,The Revenant,2015,https://boxd.it/8H5e,4
2026-03-28,Pink Narcissus,1971,https://boxd.it/WKU,3.5
2026-04-03,Lady Champagne,2026,https://boxd.it/11abS,3.5
2026-04-03,Perro perro,2025,https://boxd.it/UdZs,4
2026-04-03,Uchronia,2026,https://boxd.it/10jAg,3.5
2026-04-03,Washed Up,2026,https://boxd.it/10en2,2.5
2026-04-03,Out Laws,2026,https://boxd.it/O5y2,3.5
2026-04-03,To Dance is to Resist,2026,https://boxd.it/117yO,2
2026-04-03,ìfé: (The Sequel),2026,https://boxd.it/11a5q,1
2026-04-03,Ready or Not 2: Here I Come,2026,https://boxd.it/MfY6,3
2026-04-03,Impure Nuns,1958,https://boxd.it/drBI,4
2026-04-03,Satisfaction,2025,https://boxd.it/KOTc,4
2026-04-03,Bearcave,2025,https://boxd.it/WwmS,4
2026-04-03,The Little Sister,2025,https://boxd.it/AicU,4
2026-04-03,Singin' in the Rain,1952,https://boxd.it/29oY,4.5
2026-04-04,PlayTime,1967,https://boxd.it/1WLK,4
2026-04-06,The Magic Faraway Tree,2026,https://boxd.it/H74O,2
2026-04-07,The Super Mario Galaxy Movie,2026,https://boxd.it/KzPa,2
2026-04-08,Office Romance,2026,https://boxd.it/Qkma,2.5
2026-04-08,Project Hail Mary,2026,https://boxd.it/pEeQ,4
2026-04-09,Pizza Movie,2026,https://boxd.it/Vvtc,3
2026-04-21,Citizen Kane,1941,https://boxd.it/71O,4
2026-04-24,Amblin',1968,https://boxd.it/3mdQ,2.5
2026-04-24,Something Evil,1972,https://boxd.it/31CK,2
2026-04-24,Duel,1971,https://boxd.it/29ui,4
2026-04-24,Savage,1973,https://boxd.it/3ITO,2.5
2026-04-24,The Sugarland Express,1974,https://boxd.it/23la,4
2026-04-24,California Schemin',2025,https://boxd.it/JhHg,3.5
2026-04-24,Empire Records,1995,https://boxd.it/1PY8,4.5
2026-04-24,I don’t know if i'll have to say everything again,2024,https://boxd.it/Lpn8,3.5
2026-04-24,4 Better or 4 Worse,2025,https://boxd.it/Xa9E,2.5
2026-04-24,Ranch,2025,https://boxd.it/XoqY,3.5
2026-04-24,Moulin Rouge!,2001,https://boxd.it/29wI,2.5
2026-04-24,"You, Me & Tuscany",2026,https://boxd.it/TTRe,2
2026-04-24,The Station Agent,2003,https://boxd.it/27xu,3.5
2026-04-24,Eraserhead,1977,https://boxd.it/299u,4
2026-04-24,"Oslo, August 31st",2011,https://boxd.it/2xQC,4.5
2026-04-25,Mother Mary,2026,https://boxd.it/FILw,4.5
2026-04-26,Michael,2026,https://boxd.it/zi5M,1.5
2026-04-28,Speed Racer,2008,https://boxd.it/20UQ,4
2026-04-29,Close Encounters of the Third Kind,1977,https://boxd.it/29u8,4
2026-04-30,It's Such a Beautiful Day,2012,https://boxd.it/hCY2,4
2026-05-04,Beau Travail,1999,https://boxd.it/1NI8,3.5
2026-05-05,The Misfits,1961,https://boxd.it/1TCg,3.5
2026-05-06,The Drama,2026,https://boxd.it/OA2w,4.5
2026-05-07,1941,1979,https://boxd.it/1TF0,2
2026-05-07,Raiders of the Lost Ark,1981,https://boxd.it/2bbs,4.5
2026-05-07,E.T. the Extra-Terrestrial,1982,https://boxd.it/2a1G,4.5
2026-05-08,Twilight Zone: The Movie,1983,https://boxd.it/1Mtw,2
2026-05-08,All About Eve,1950,https://boxd.it/29LI,4.5
2026-05-10,Billie Eilish — Hit Me Hard and Soft: The Tour (Live in 3D),2026,https://boxd.it/Wowg,4.5
2026-05-11,The Sheep Detectives,2026,https://boxd.it/NDSe,3.5
2026-05-11,The Devil Wears Prada 2,2026,https://boxd.it/Oags,2
2026-05-22,The Color Purple,1985,https://boxd.it/29oO,3.5
2026-05-22,Empire of the Sun,1987,https://boxd.it/1X4i,4
2026-05-22,Always,1989,https://boxd.it/1U3G,2
2026-05-22,Inglourious Basterds,2009,https://boxd.it/1JzG,4.5
2026-05-22,Hook,1991,https://boxd.it/29nQ,3.5
2026-05-22,Dua Lipa: Live From Mexico,2026,https://boxd.it/13lkq,2
2026-05-22,Finding Emily,2026,https://boxd.it/PNes,4
2026-05-23,Schindler's List,1993,https://boxd.it/2aq2,5
2026-05-23,Backrooms,2026,https://boxd.it/EY6W,3
2026-05-23,The Punisher: One Last Kill,2026,https://boxd.it/Thla,1.5
2026-05-23,Star Wars: The Mandalorian and Grogu,2026,https://boxd.it/KCpk,1
2026-05-30,Amistad,1997,https://boxd.it/1SZ4,3
2026-06-04,Masters of the Universe,2026,https://boxd.it/gdKW,1.5
2026-06-05,Power Ballad,2026,https://boxd.it/MZy4,3
2026-06-05,Cloudy with a Chance of Meatballs,2009,https://boxd.it/1A40,4
2026-06-06,Obsession,2025,https://boxd.it/PNqo,4
2026-06-08,Catch Me If You Can,2002,https://boxd.it/29VS,4
2026-06-08,A.I. Artificial Intelligence,2001,https://boxd.it/29Ve,4
2026-06-08,Minority Report,2002,https://boxd.it/2aWi,4.5
2026-06-08,Sorcerer,1977,https://boxd.it/14J6,4
2026-06-08,The Terminal,2004,https://boxd.it/2a2O,3
2026-06-08,War of the Worlds,2005,https://boxd.it/2bde,3.5
2026-06-08,Munich,2005,https://boxd.it/2a0e,3.5
2026-06-10,Confessions II – The Film,2026,https://boxd.it/13gc2,3.5
2026-06-11,War Horse,2011,https://boxd.it/nf8,2
2026-06-11,Lincoln,2012,https://boxd.it/2n2s,3
2026-06-11,Bridge of Spies,2015,https://boxd.it/9n9C,3
2026-06-11,The BFG,2016,https://boxd.it/81cs,2
2026-06-18,Toy Story 2,1999,https://boxd.it/29qq,4.5
